loan_id,credit_score,fraud_score,loan_value,is_fraud
1,606,617,3,FALSE
2,615,586,3,FALSE
3,560,569,4,FALSE
4,606,609,4,FALSE
5,628,648,4,FALSE
6,598,601,0,FALSE
7,597,595,3,FALSE
8,628,643,4,FALSE
9,615,618,0,TRUE
10,582,584,2,FALSE
11,625,621,1,FALSE
12,650,660,3,FALSE
13,608,595,2,FALSE
14,602,609,3,FALSE
15,635,632,4,FALSE
16,617,605,0,FALSE
17,654,653,4,FALSE
18,583,570,1,FALSE
19,601,597,3,FALSE
20,621,625,2,FALSE
21,594,602,4,FALSE
22,601,597,1,TRUE
23,608,596,0,TRUE
24,614,603,4,FALSE
25,593,598,2,FALSE
26,584,581,0,TRUE
27,599,587,3,FALSE
28,613,625,4,FALSE
29,602,616,4,FALSE
30,596,587,2,FALSE
31,640,652,3,FALSE
32,576,570,0,TRUE
33,610,617,1,FALSE
34,599,579,1,FALSE
35,577,578,1,FALSE
36,597,594,1,TRUE
37,613,604,2,FALSE
38,621,626,4,FALSE
39,588,586,2,FALSE
40,622,638,0,TRUE
41,600,598,3,FALSE
42,595,603,1,FALSE
43,606,616,3,FALSE
44,600,601,1,FALSE
45,606,612,2,FALSE
46,602,609,3,FALSE
47,587,586,4,FALSE
48,614,602,3,FALSE
49,564,566,4,FALSE
50,614,619,3,FALSE
51,617,615,3,FALSE
52,606,638,1,FALSE
53,612,612,3,FALSE
54,610,635,3,FALSE
55,608,598,3,FALSE
56,609,620,3,FALSE
57,586,593,0,FALSE
58,634,615,4,FALSE
59,586,581,0,TRUE
60,632,632,3,FALSE
61,608,599,3,FALSE
62,612,632,4,FALSE
63,613,600,3,FALSE
64,615,633,1,TRUE
65,611,613,4,FALSE
66,602,607,3,FALSE
67,563,569,0,TRUE
68,599,579,3,FALSE
69,607,617,1,FALSE
70,626,626,4,FALSE
71,583,587,4,FALSE
72,615,611,1,FALSE
73,607,601,0,TRUE
74,595,583,3,FALSE
75,612,609,2,FALSE
76,597,617,3,FALSE
77,593,608,2,FALSE
78,600,601,4,FALSE
79,591,599,0,FALSE
80,595,580,0,TRUE
81,605,604,4,FALSE
82,588,593,2,FALSE
83,620,616,3,FALSE
84,639,602,3,FALSE
85,614,619,4,FALSE
86,593,605,3,FALSE
87,598,595,3,FALSE
88,652,635,2,FALSE
89,617,634,3,FALSE
90,612,615,3,FALSE
91,604,613,2,FALSE
92,598,603,3,FALSE
93,601,609,3,FALSE
94,610,597,2,FALSE
95,643,643,3,FALSE
96,594,583,3,FALSE
97,609,598,3,FALSE
98,585,579,3,FALSE
99,606,607,2,FALSE
100,611,625,2,FALSE
101,535,567,2,FALSE
102,602,604,1,FALSE
103,600,608,1,FALSE
104,599,597,4,FALSE
105,584,574,4,FALSE
106,602,598,4,FALSE
107,594,602,4,FALSE
108,606,595,1,FALSE
109,587,585,2,FALSE
110,571,577,3,FALSE
111,591,586,1,FALSE
112,599,604,3,FALSE
113,538,563,0,TRUE
114,612,609,2,FALSE
115,615,595,4,FALSE
116,593,578,1,FALSE
117,606,614,2,FALSE
118,611,603,3,FALSE
119,592,587,1,FALSE
120,631,634,4,FALSE
121,556,569,1,FALSE
122,600,606,1,TRUE
123,635,620,3,FALSE
124,619,636,3,FALSE
125,606,590,2,FALSE
126,602,587,0,TRUE
127,601,603,2,FALSE
128,582,582,4,FALSE
129,579,579,4,FALSE
130,610,598,4,FALSE
131,602,613,4,FALSE
132,606,614,2,FALSE
133,591,592,4,FALSE
134,609,614,3,FALSE
135,577,580,4,FALSE
136,621,620,4,FALSE
137,586,588,3,FALSE
138,600,590,3,FALSE
139,617,604,1,FALSE
140,618,625,2,FALSE
141,606,603,4,FALSE
142,602,600,4,FALSE
143,642,645,3,FALSE
144,631,619,4,FALSE
145,608,622,3,FALSE
146,606,629,4,FALSE
147,606,597,3,FALSE
148,606,606,2,FALSE
149,577,579,4,FALSE
150,660,637,3,FALSE
151,608,610,1,FALSE
152,621,630,4,FALSE
153,602,626,4,FALSE
154,580,580,4,FALSE
155,610,593,2,FALSE
156,597,580,3,FALSE
157,588,586,1,FALSE
158,602,610,2,FALSE
159,586,577,1,FALSE
160,610,599,4,FALSE
161,651,654,4,FALSE
162,585,574,3,FALSE
163,608,582,3,FALSE
164,565,567,0,TRUE
165,611,620,4,FALSE
166,596,598,3,FALSE
167,608,622,4,FALSE
168,639,626,4,FALSE
169,577,581,1,TRUE
170,606,607,3,FALSE
171,617,616,3,FALSE
172,600,598,2,FALSE
173,608,615,2,FALSE
174,583,571,3,FALSE
175,621,648,4,FALSE
176,576,583,1,FALSE
177,617,610,3,FALSE
178,625,622,4,FALSE
179,611,630,4,FALSE
180,609,580,1,TRUE
181,568,568,4,FALSE
182,640,653,4,FALSE
183,615,619,4,FALSE
184,607,595,4,FALSE
185,613,598,3,FALSE
186,609,595,3,FALSE
187,579,573,1,FALSE
188,590,589,4,FALSE
189,593,600,2,FALSE
190,611,617,1,FALSE
191,527,566,0,TRUE
192,601,607,4,FALSE
193,563,578,1,FALSE
194,602,597,4,FALSE
195,655,655,4,FALSE
196,600,604,4,FALSE
197,627,629,1,FALSE
198,622,625,3,FALSE
199,599,594,3,FALSE
200,602,618,1,FALSE
201,601,609,1,TRUE
202,575,572,3,FALSE
203,618,612,4,FALSE
204,618,616,4,FALSE
205,528,563,0,FALSE
206,621,618,2,FALSE
207,627,623,3,FALSE
208,619,634,4,FALSE
209,574,585,3,FALSE
210,606,597,2,FALSE
211,587,573,1,FALSE
212,612,605,3,FALSE
213,587,592,1,FALSE
214,606,599,1,FALSE
215,570,578,3,FALSE
216,616,644,3,FALSE
217,586,581,0,TRUE
218,661,638,4,FALSE
219,622,602,1,FALSE
220,602,608,2,FALSE
221,595,593,4,FALSE
222,601,596,2,FALSE
223,610,601,0,TRUE
224,595,605,0,TRUE
225,617,632,4,FALSE
226,621,630,3,FALSE
227,631,642,0,FALSE
228,632,633,3,FALSE
229,609,617,2,FALSE
230,612,611,2,FALSE
231,592,596,1,FALSE
232,606,600,4,FALSE
233,606,598,3,FALSE
234,613,629,4,FALSE
235,590,605,2,FALSE
236,588,588,2,FALSE
237,606,594,3,FALSE
238,557,581,4,FALSE
239,603,609,2,FALSE
240,652,635,3,FALSE
241,602,595,1,FALSE
242,602,623,3,FALSE
243,588,592,0,FALSE
244,583,587,1,FALSE
245,621,622,2,FALSE
246,617,619,2,FALSE
247,599,591,2,FALSE
248,613,622,3,FALSE
249,640,647,4,FALSE
250,662,661,2,FALSE
251,593,602,4,FALSE
252,591,584,2,FALSE
253,612,625,4,FALSE
254,606,609,4,FALSE
255,591,609,3,FALSE
256,634,623,3,FALSE
257,634,645,1,FALSE
258,619,617,4,FALSE
259,573,586,2,FALSE
260,610,606,3,FALSE
261,606,586,0,FALSE
262,581,582,1,FALSE
263,576,571,2,FALSE
264,644,620,3,FALSE
265,610,621,4,FALSE
266,620,614,1,TRUE
267,600,619,4,FALSE
268,594,586,4,FALSE
269,610,614,3,FALSE
270,609,610,1,FALSE
271,615,616,4,FALSE
272,602,611,2,FALSE
273,574,573,4,FALSE
274,579,568,3,FALSE
275,590,586,4,FALSE
276,583,585,2,FALSE
277,612,600,3,FALSE
278,611,606,0,TRUE
279,628,631,3,FALSE
280,524,566,4,FALSE
281,614,605,3,FALSE
282,624,615,1,FALSE
283,621,619,3,FALSE
284,595,598,3,FALSE
285,599,583,3,FALSE
286,590,586,2,FALSE
287,600,607,4,FALSE
288,613,601,4,FALSE
289,635,644,2,FALSE
290,581,578,3,FALSE
291,595,594,1,FALSE
292,608,596,4,FALSE
293,597,598,3,FALSE
294,591,609,2,FALSE
295,608,630,2,FALSE
296,602,617,0,TRUE
297,573,586,2,FALSE
298,617,629,4,FALSE
299,595,578,2,FALSE
300,606,610,4,FALSE
301,617,632,4,FALSE
302,608,627,3,FALSE
303,556,568,0,TRUE
304,634,637,4,FALSE
305,657,663,4,FALSE
306,652,632,2,FALSE
307,615,612,3,FALSE
308,609,587,3,FALSE
309,634,631,2,FALSE
310,600,611,3,FALSE
311,578,579,1,FALSE
312,606,590,2,FALSE
313,621,616,3,FALSE
314,609,627,0,TRUE
315,597,596,2,FALSE
316,602,610,0,TRUE
317,606,610,1,FALSE
318,617,611,2,FALSE
319,606,627,3,FALSE
320,590,584,4,FALSE
321,581,576,3,FALSE
322,610,609,4,FALSE
323,602,607,4,FALSE
324,614,601,4,FALSE
325,583,587,0,TRUE
326,606,605,4,FALSE
327,624,636,4,FALSE
328,613,618,4,FALSE
329,640,652,3,FALSE
330,609,598,3,FALSE
331,604,614,1,FALSE
332,604,608,3,FALSE
333,590,602,0,TRUE
334,612,612,3,FALSE
335,565,576,3,FALSE
336,600,611,2,FALSE
337,643,634,2,FALSE
338,606,606,4,FALSE
339,602,611,3,FALSE
340,606,611,0,FALSE
341,595,582,1,FALSE
342,596,598,2,FALSE
343,653,649,3,FALSE
344,618,623,4,FALSE
345,587,591,3,FALSE
346,621,622,2,FALSE
347,615,628,4,FALSE
348,602,614,2,FALSE
349,579,573,1,FALSE
350,602,598,1,FALSE
351,595,599,1,FALSE
352,630,626,4,FALSE
353,624,605,3,FALSE
354,586,595,4,FALSE
355,579,579,3,FALSE
356,587,582,0,TRUE
357,606,583,1,FALSE
358,565,567,0,TRUE
359,615,616,4,FALSE
360,619,650,4,FALSE
361,602,600,1,FALSE
362,653,648,4,FALSE
363,615,619,3,FALSE
364,615,619,4,FALSE
365,614,606,1,FALSE
366,618,625,2,FALSE
367,604,609,2,FALSE
368,616,627,3,FALSE
369,612,616,3,FALSE
370,582,572,1,FALSE
371,609,602,2,FALSE
372,616,609,4,FALSE
373,591,583,3,FALSE
374,587,582,4,FALSE
375,617,610,1,FALSE
376,600,598,3,FALSE
377,599,598,3,FALSE
378,602,601,3,FALSE
379,602,606,1,FALSE
380,609,591,4,FALSE
381,619,616,3,FALSE
382,628,605,3,FALSE
383,590,581,1,FALSE
384,621,627,3,FALSE
385,608,600,3,FALSE
386,602,608,1,FALSE
387,609,603,0,TRUE
388,635,624,4,FALSE
389,620,615,2,FALSE
390,595,600,1,FALSE
391,612,620,3,FALSE
392,600,598,3,FALSE
393,659,643,3,FALSE
394,583,594,3,FALSE
395,581,574,0,FALSE
396,622,637,4,FALSE
397,618,621,3,FALSE
398,596,600,1,FALSE
399,610,646,4,FALSE
400,593,595,3,FALSE
401,608,625,4,FALSE
402,606,618,4,FALSE
403,655,663,3,FALSE
404,652,635,2,FALSE
405,612,615,4,FALSE
406,604,595,4,FALSE
407,574,578,4,FALSE
408,617,614,3,FALSE
409,598,588,4,FALSE
410,608,619,1,TRUE
411,611,614,4,FALSE
412,613,602,3,FALSE
413,617,617,3,FALSE
414,621,621,1,FALSE
415,606,616,3,FALSE
416,658,623,4,FALSE
417,619,615,3,FALSE
418,602,617,1,FALSE
419,590,584,4,FALSE
420,608,582,1,FALSE
421,652,631,4,FALSE
422,611,604,3,FALSE
423,597,588,3,FALSE
424,614,608,0,FALSE
425,606,609,1,FALSE
426,593,592,4,FALSE
427,624,649,4,FALSE
428,606,610,0,FALSE
429,584,595,1,FALSE
430,597,593,1,FALSE
431,645,651,1,FALSE
432,624,610,4,FALSE
433,582,586,1,TRUE
434,588,585,1,FALSE
435,602,601,2,FALSE
436,596,589,3,FALSE
437,613,604,4,FALSE
438,594,595,3,FALSE
439,634,612,3,FALSE
440,608,609,2,FALSE
441,593,590,1,TRUE
442,632,636,3,FALSE
443,637,619,4,FALSE
444,606,623,3,FALSE
445,598,597,3,FALSE
446,634,619,0,TRUE
447,588,591,1,FALSE
448,602,611,4,FALSE
449,586,598,4,FALSE
450,591,577,4,FALSE
451,601,601,2,FALSE
452,583,591,0,FALSE
453,590,588,2,FALSE
454,570,583,3,FALSE
455,650,630,4,FALSE
456,583,587,4,FALSE
457,574,569,1,FALSE
458,612,627,4,FALSE
459,598,622,3,FALSE
460,595,589,3,FALSE
461,613,598,3,FALSE
462,602,614,4,FALSE
463,577,576,3,FALSE
464,650,633,4,FALSE
465,587,590,3,FALSE
466,617,620,4,FALSE
467,601,613,4,FALSE
468,574,575,3,FALSE
469,597,583,1,FALSE
470,615,627,4,FALSE
471,581,590,0,TRUE
472,581,572,0,TRUE
473,606,600,2,FALSE
474,613,595,3,FALSE
475,618,609,4,FALSE
476,617,603,4,FALSE
477,596,598,1,FALSE
478,618,636,2,FALSE
479,577,574,1,FALSE
480,583,576,1,FALSE
481,580,587,3,FALSE
482,606,609,1,FALSE
483,602,610,0,TRUE
484,595,608,4,FALSE
485,593,590,3,FALSE
486,603,588,4,FALSE
487,606,613,1,TRUE
488,614,613,4,FALSE
489,588,587,1,TRUE
490,606,616,2,FALSE
491,625,628,4,FALSE
492,517,567,1,FALSE
493,574,567,1,FALSE
494,602,605,4,FALSE
495,600,601,1,FALSE
496,614,631,3,FALSE
497,602,620,4,FALSE
498,635,638,3,FALSE
499,602,607,3,FALSE
500,604,597,4,FALSE
501,598,593,3,FALSE
502,602,593,1,FALSE
503,606,620,1,FALSE
504,609,583,3,FALSE
505,593,594,1,FALSE
506,602,610,4,FALSE
507,591,587,4,FALSE
508,597,594,3,FALSE
509,591,598,0,FALSE
510,620,619,0,TRUE
511,602,585,3,FALSE
512,590,581,1,FALSE
513,608,600,1,FALSE
514,629,617,1,FALSE
515,589,578,0,TRUE
516,597,596,4,FALSE
517,608,619,1,FALSE
518,590,571,2,FALSE
519,606,601,3,FALSE
520,621,627,4,FALSE
521,615,621,2,FALSE
522,609,620,3,FALSE
523,606,605,1,FALSE
524,602,598,3,FALSE
525,627,624,3,FALSE
526,659,634,2,FALSE
527,576,572,3,FALSE
528,593,590,0,FALSE
529,592,594,1,TRUE
530,624,637,4,FALSE
531,611,621,3,FALSE
532,584,578,1,FALSE
533,618,621,0,TRUE
534,585,572,3,FALSE
535,602,609,2,FALSE
536,591,597,1,FALSE
537,610,616,4,FALSE
538,602,602,3,FALSE
539,606,606,3,FALSE
540,624,639,3,FALSE
541,655,639,4,FALSE
542,594,602,4,FALSE
543,646,645,4,FALSE
544,598,588,4,FALSE
545,586,594,3,FALSE
546,554,564,0,TRUE
547,606,607,2,FALSE
548,603,605,2,FALSE
549,593,572,3,FALSE
550,588,581,3,FALSE
551,594,594,3,FALSE
552,542,569,0,FALSE
553,621,610,1,TRUE
554,621,616,3,FALSE
555,646,658,4,FALSE
556,604,581,2,FALSE
557,604,582,3,FALSE
558,599,591,0,FALSE
559,595,594,3,FALSE
560,609,591,4,FALSE
561,591,594,1,FALSE
562,579,577,1,FALSE
563,605,606,3,FALSE
564,617,614,3,FALSE
565,634,631,4,FALSE
566,615,630,3,FALSE
567,655,626,4,FALSE
568,620,626,1,FALSE
569,633,623,1,FALSE
570,595,593,4,FALSE
571,664,671,4,FALSE
572,630,622,3,FALSE
573,586,582,0,TRUE
574,630,617,3,FALSE
575,637,631,1,FALSE
576,640,602,4,FALSE
577,578,582,4,FALSE
578,562,569,2,FALSE
579,606,603,3,FALSE
580,672,659,3,FALSE
581,598,601,4,FALSE
582,593,590,3,FALSE
583,617,621,4,FALSE
584,602,619,4,FALSE
585,587,592,0,TRUE
586,608,598,1,FALSE
587,604,594,3,FALSE
588,589,593,1,FALSE
589,602,598,0,TRUE
590,584,592,1,FALSE
591,637,646,4,FALSE
592,626,617,1,FALSE
593,643,639,3,FALSE
594,632,635,3,FALSE
595,606,607,4,FALSE
596,644,657,4,FALSE
597,599,586,1,TRUE
598,604,615,2,FALSE
599,569,567,1,TRUE
600,582,587,2,FALSE
601,610,623,4,FALSE
602,581,580,1,FALSE
603,593,575,0,TRUE
604,615,596,4,FALSE
605,621,612,3,FALSE
606,606,618,4,FALSE
607,609,614,1,FALSE
608,618,621,4,FALSE
609,606,609,4,FALSE
610,606,616,1,FALSE
611,615,625,4,FALSE
612,588,593,3,FALSE
613,581,579,1,FALSE
614,639,624,2,FALSE
615,590,593,3,FALSE
616,579,576,1,FALSE
617,600,599,4,FALSE
618,606,598,1,FALSE
619,596,611,4,FALSE
620,609,625,3,FALSE
621,591,586,3,FALSE
622,601,609,3,FALSE
623,621,621,3,FALSE
624,602,595,2,FALSE
625,617,601,4,FALSE
626,621,608,4,FALSE
627,602,609,4,FALSE
628,643,641,3,FALSE
629,615,629,3,FALSE
630,606,621,4,FALSE
631,614,597,2,FALSE
632,585,576,0,FALSE
633,608,609,4,FALSE
634,597,581,3,FALSE
635,630,614,3,FALSE
636,570,571,3,FALSE
637,584,583,2,FALSE
638,611,616,3,FALSE
639,634,628,4,FALSE
640,628,626,4,FALSE
641,669,640,4,FALSE
642,592,591,2,FALSE
643,588,587,2,FALSE
644,592,600,1,FALSE
645,612,600,3,FALSE
646,587,585,2,FALSE
647,587,593,3,FALSE
648,598,595,1,FALSE
649,617,623,3,FALSE
650,643,627,3,FALSE
651,615,608,3,FALSE
652,579,584,1,FALSE
653,666,641,2,FALSE
654,617,626,3,FALSE
655,618,636,2,FALSE
656,624,622,3,FALSE
657,599,586,1,TRUE
658,597,584,1,TRUE
659,602,599,0,TRUE
660,632,627,4,FALSE
661,585,588,4,FALSE
662,604,599,3,FALSE
663,576,578,4,FALSE
664,614,611,1,TRUE
665,582,585,4,FALSE
666,634,610,3,FALSE
667,612,619,3,FALSE
668,648,652,1,FALSE
669,622,630,4,FALSE
670,624,625,3,FALSE
671,602,611,3,FALSE
672,602,606,4,FALSE
673,612,619,2,FALSE
674,606,588,3,FALSE
675,590,577,4,FALSE
676,635,620,3,FALSE
677,614,623,4,FALSE
678,621,626,1,FALSE
679,602,626,3,FALSE
680,631,642,4,FALSE
681,594,600,3,FALSE
682,606,623,3,FALSE
683,591,582,0,TRUE
684,606,608,4,FALSE
685,574,579,1,FALSE
686,609,621,3,FALSE
687,606,589,3,FALSE
688,603,602,1,FALSE
689,627,630,2,FALSE
690,600,592,3,FALSE
691,590,586,2,FALSE
692,617,631,3,FALSE
693,595,591,2,FALSE
694,606,603,3,FALSE
695,597,588,2,FALSE
696,623,631,2,FALSE
697,630,626,4,FALSE
698,628,665,4,FALSE
699,588,588,4,FALSE
700,582,580,2,FALSE
701,604,617,3,FALSE
702,612,630,3,FALSE
703,603,592,1,FALSE
704,617,627,3,FALSE
705,611,619,0,TRUE
706,580,585,3,FALSE
707,582,595,2,FALSE
708,598,605,4,FALSE
709,582,586,2,FALSE
710,614,610,3,FALSE
711,563,567,1,TRUE
712,621,617,2,FALSE
713,643,622,3,FALSE
714,621,611,4,FALSE
715,602,609,0,TRUE
716,608,608,3,FALSE
717,597,588,2,FALSE
718,603,593,4,FALSE
719,608,632,4,FALSE
720,577,581,4,FALSE
721,583,588,4,FALSE
722,646,642,3,FALSE
723,611,604,2,FALSE
724,625,620,3,FALSE
725,579,575,3,FALSE
726,610,630,4,FALSE
727,588,592,4,FALSE
728,593,580,0,TRUE
729,608,600,2,FALSE
730,621,607,4,FALSE
731,621,617,4,FALSE
732,654,654,4,FALSE
733,597,594,3,FALSE
734,653,637,4,FALSE
735,602,591,3,FALSE
736,639,662,2,FALSE
737,614,612,4,FALSE
738,621,623,3,FALSE
739,636,603,3,FALSE
740,597,585,0,TRUE
741,581,580,1,FALSE
742,583,584,2,FALSE
743,631,639,4,FALSE
744,644,649,4,FALSE
745,601,609,3,FALSE
746,606,616,4,FALSE
747,623,619,4,FALSE
748,617,613,2,FALSE
749,600,613,2,FALSE
750,641,644,0,TRUE
751,618,597,3,FALSE
752,612,596,3,FALSE
753,597,585,0,TRUE
754,630,627,2,FALSE
755,596,597,4,FALSE
756,628,623,4,FALSE
757,583,587,1,FALSE
758,597,601,2,FALSE
759,595,598,2,FALSE
760,634,631,4,FALSE
761,598,601,4,FALSE
762,616,612,4,FALSE
763,606,603,3,FALSE
764,614,607,3,FALSE
765,608,602,4,FALSE
766,606,600,4,FALSE
767,627,626,4,FALSE
768,585,583,3,FALSE
769,661,652,4,FALSE
770,638,646,3,FALSE
771,606,604,4,FALSE
772,598,601,4,FALSE
773,586,578,4,FALSE
774,614,615,3,FALSE
775,621,627,3,FALSE
776,655,640,3,FALSE
777,604,605,0,TRUE
778,624,606,0,TRUE
779,620,608,3,FALSE
780,590,587,1,FALSE
781,654,683,4,FALSE
782,596,589,3,FALSE
783,605,600,4,FALSE
784,633,632,4,FALSE
785,565,567,3,FALSE
786,611,635,4,FALSE
787,600,597,3,FALSE
788,503,564,1,TRUE
789,585,582,4,FALSE
790,608,601,2,FALSE
791,602,603,4,FALSE
792,559,571,1,TRUE
793,617,625,4,FALSE
794,614,610,2,FALSE
795,603,593,3,FALSE
796,631,628,4,FALSE
797,592,591,0,FALSE
798,646,632,1,FALSE
799,664,638,3,FALSE
800,669,643,3,FALSE
801,608,614,1,FALSE
802,596,599,3,FALSE
803,642,635,3,FALSE
804,608,610,1,FALSE
805,630,617,4,FALSE
806,602,605,4,FALSE
807,611,611,4,FALSE
808,619,603,4,FALSE
809,602,611,2,FALSE
810,634,615,4,FALSE
811,587,591,3,FALSE
812,592,583,2,FALSE
813,608,610,3,FALSE
814,617,600,1,FALSE
815,599,585,4,FALSE
816,602,592,0,TRUE
817,571,569,1,FALSE
818,602,616,4,FALSE
819,606,617,3,FALSE
820,604,580,1,FALSE
821,603,612,3,FALSE
822,614,604,1,FALSE
823,585,581,4,FALSE
824,608,610,3,FALSE
825,620,624,4,FALSE
826,624,630,4,FALSE
827,618,621,3,FALSE
828,601,596,4,FALSE
829,620,623,2,FALSE
830,583,589,0,TRUE
831,652,630,1,TRUE
832,591,586,4,FALSE
833,584,593,4,FALSE
834,606,607,3,FALSE
835,589,580,1,FALSE
836,608,627,3,FALSE
837,580,589,4,FALSE
838,630,633,3,FALSE
839,644,619,4,FALSE
840,583,578,2,FALSE
841,643,648,4,FALSE
842,599,587,3,FALSE
843,612,609,4,FALSE
844,630,615,4,FALSE
845,624,608,3,FALSE
846,597,601,0,FALSE
847,602,603,3,FALSE
848,587,589,1,TRUE
849,592,588,2,FALSE
850,627,639,4,FALSE
851,666,635,2,FALSE
852,610,618,3,FALSE
853,570,584,3,FALSE
854,574,580,2,FALSE
855,646,650,3,FALSE
856,577,579,4,FALSE
857,606,610,4,FALSE
858,639,648,4,FALSE
859,602,614,2,FALSE
860,599,599,3,FALSE
861,558,580,4,FALSE
862,654,683,4,FALSE
863,606,591,4,FALSE
864,623,616,3,FALSE
865,583,589,3,FALSE
866,654,660,3,FALSE
867,627,639,2,FALSE
868,637,648,4,FALSE
869,604,605,1,FALSE
870,595,593,3,FALSE
871,584,577,4,FALSE
872,619,632,2,FALSE
873,612,618,0,FALSE
874,615,613,0,TRUE
875,615,595,3,FALSE
876,598,611,1,FALSE
877,602,605,2,FALSE
878,614,608,2,FALSE
879,602,596,3,FALSE
880,602,600,4,FALSE
881,496,571,2,FALSE
882,588,604,3,FALSE
883,590,583,1,FALSE
884,597,587,4,FALSE
885,597,600,1,TRUE
886,595,596,2,FALSE
887,606,604,3,FALSE
888,574,579,3,FALSE
889,608,613,4,FALSE
890,606,616,4,FALSE
891,595,593,3,FALSE
892,610,599,4,FALSE
893,613,598,3,FALSE
894,618,621,3,FALSE
895,573,570,2,FALSE
896,612,593,3,FALSE
897,624,617,4,FALSE
898,611,616,4,FALSE
899,597,595,4,FALSE
900,590,598,2,FALSE
901,621,620,2,FALSE
902,578,579,2,FALSE
903,590,585,4,FALSE
904,606,597,3,FALSE
905,651,635,3,FALSE
906,588,585,1,FALSE
907,608,608,1,FALSE
908,588,589,4,FALSE
909,618,635,4,FALSE
910,614,615,1,FALSE
911,637,626,3,FALSE
912,604,599,3,FALSE
913,581,589,3,FALSE
914,615,625,4,FALSE
915,597,599,3,FALSE
916,621,627,4,FALSE
917,590,597,1,FALSE
918,615,622,4,FALSE
919,581,577,2,FALSE
920,591,598,1,FALSE
921,624,630,2,FALSE
922,571,575,1,FALSE
923,600,601,2,FALSE
924,590,583,4,FALSE
925,606,608,4,FALSE
926,612,610,2,FALSE
927,596,600,3,FALSE
928,571,581,3,FALSE
929,621,638,4,FALSE
930,614,620,4,FALSE
931,634,617,1,FALSE
932,559,569,0,TRUE
933,609,586,1,FALSE
934,606,616,3,FALSE
935,604,605,4,FALSE
936,615,625,2,FALSE
937,592,600,3,FALSE
938,624,639,4,FALSE
939,610,595,1,FALSE
940,597,601,1,FALSE
941,586,591,3,FALSE
942,600,597,3,FALSE
943,573,576,2,FALSE
944,598,589,3,FALSE
945,601,601,3,FALSE
946,608,608,1,FALSE
947,635,665,3,FALSE
948,597,604,1,FALSE
949,621,622,3,FALSE
950,580,583,0,TRUE
951,615,596,4,FALSE
952,572,574,1,FALSE
953,602,600,3,FALSE
954,571,584,2,FALSE
955,617,625,3,FALSE
956,655,640,0,TRUE
957,618,610,1,FALSE
958,590,588,3,FALSE
959,621,604,0,TRUE
960,611,608,4,FALSE
961,609,634,4,FALSE
962,590,585,0,TRUE
963,569,567,1,TRUE
964,661,653,1,FALSE
965,602,609,2,FALSE
966,627,629,1,FALSE
967,627,611,3,FALSE
968,599,587,0,TRUE
969,636,678,3,FALSE
970,606,611,0,TRUE
971,589,592,0,TRUE
972,602,598,1,FALSE
973,621,619,1,FALSE
974,621,623,3,FALSE
975,606,610,3,FALSE
976,597,581,0,TRUE
977,602,592,4,FALSE
978,615,635,4,FALSE
979,606,612,4,FALSE
980,617,615,4,FALSE
981,621,616,4,FALSE
982,600,598,4,FALSE
983,615,606,3,FALSE
984,608,611,1,FALSE
985,615,619,3,FALSE
986,565,567,0,FALSE
987,581,580,1,FALSE
988,591,594,0,FALSE
989,608,604,4,FALSE
990,606,595,3,FALSE
991,604,574,2,FALSE
992,608,588,0,TRUE
993,604,615,2,FALSE
994,613,608,0,FALSE
995,610,617,1,FALSE
996,650,641,2,FALSE
997,595,617,4,FALSE
998,614,608,1,FALSE
999,593,602,4,FALSE
1000,597,608,4,FALSE
1001,594,607,4,FALSE
1002,608,629,3,FALSE
1003,631,625,3,FALSE
1004,602,603,0,FALSE
1005,612,616,3,FALSE
1006,643,622,3,FALSE
1007,600,603,4,FALSE
1008,606,617,4,FALSE
1009,586,593,0,FALSE
1010,585,582,4,FALSE
1011,608,578,1,FALSE
1012,648,653,4,FALSE
1013,612,626,4,FALSE
1014,598,611,0,FALSE
1015,593,591,3,FALSE
1016,598,606,1,FALSE
1017,583,574,4,FALSE
1018,609,611,4,FALSE
1019,593,590,3,FALSE
1020,571,578,0,TRUE
1021,643,648,4,FALSE
1022,593,584,4,FALSE
1023,588,601,2,FALSE
1024,612,595,1,FALSE
1025,618,614,4,FALSE
1026,602,599,3,FALSE
1027,650,646,4,FALSE
1028,622,621,0,TRUE
1029,667,635,3,FALSE
1030,602,598,0,TRUE
1031,609,592,3,FALSE
1032,604,619,4,FALSE
1033,614,595,3,FALSE
1034,606,607,3,FALSE
1035,598,597,4,FALSE
1036,565,576,1,FALSE
1037,645,641,3,FALSE
1038,623,630,4,FALSE
1039,617,613,3,FALSE
1040,632,621,2,FALSE
1041,588,586,4,FALSE
1042,591,587,0,TRUE
1043,628,609,4,FALSE
1044,590,583,3,FALSE
1045,602,581,4,FALSE
1046,615,618,3,FALSE
1047,583,575,1,FALSE
1048,606,608,3,FALSE
1049,606,622,4,FALSE
1050,543,563,0,TRUE
1051,608,604,4,FALSE
1052,610,626,1,TRUE
1053,631,642,4,FALSE
1054,651,663,4,FALSE
1055,618,617,2,FALSE
1056,610,589,2,FALSE
1057,604,615,2,FALSE
1058,584,589,3,FALSE
1059,602,608,3,FALSE
1060,583,585,2,FALSE
1061,587,608,3,FALSE
1062,608,604,4,FALSE
1063,591,587,2,FALSE
1064,610,587,3,FALSE
1065,526,564,0,TRUE
1066,611,622,4,FALSE
1067,616,624,2,FALSE
1068,597,602,2,FALSE
1069,625,622,1,FALSE
1070,608,628,2,FALSE
1071,609,632,2,FALSE
1072,615,620,3,FALSE
1073,615,624,3,FALSE
1074,617,612,3,FALSE
1075,604,600,4,FALSE
1076,602,597,0,FALSE
1077,614,614,4,FALSE
1078,588,590,3,FALSE
1079,617,615,1,FALSE
1080,601,594,3,FALSE
1081,560,589,3,FALSE
1082,662,661,2,FALSE
1083,591,593,4,FALSE
1084,624,631,3,FALSE
1085,579,585,3,FALSE
1086,609,609,4,FALSE
1087,617,631,3,FALSE
1088,663,635,4,FALSE
1089,609,581,3,FALSE
1090,571,583,3,FALSE
1091,573,579,3,FALSE
1092,590,577,1,TRUE
1093,624,619,3,FALSE
1094,614,625,3,FALSE
1095,595,577,3,FALSE
1096,609,621,1,TRUE
1097,606,613,4,FALSE
1098,614,609,3,FALSE
1099,633,644,1,FALSE
1100,658,647,4,FALSE
1101,586,582,3,FALSE
1102,606,616,3,FALSE
1103,618,609,1,FALSE
1104,587,587,3,FALSE
1105,617,613,1,FALSE
1106,606,604,3,FALSE
1107,527,566,0,TRUE
1108,613,594,3,FALSE
1109,631,634,2,FALSE
1110,584,578,1,FALSE
1111,635,637,3,FALSE
1112,606,598,1,FALSE
1113,670,642,4,FALSE
1114,608,613,2,FALSE
1115,617,599,1,FALSE
1116,586,583,2,FALSE
1117,607,606,4,FALSE
1118,584,570,0,TRUE
1119,613,630,3,FALSE
1120,598,611,4,FALSE
1121,610,606,3,FALSE
1122,593,592,0,TRUE
1123,598,607,4,FALSE
1124,624,630,0,TRUE
1125,587,590,4,FALSE
1126,618,620,3,FALSE
1127,611,606,1,FALSE
1128,589,579,2,FALSE
1129,579,587,0,FALSE
1130,624,616,4,FALSE
1131,650,634,3,FALSE
1132,631,634,4,FALSE
1133,613,629,4,FALSE
1134,576,579,4,FALSE
1135,608,610,2,FALSE
1136,640,634,4,FALSE
1137,602,590,2,FALSE
1138,584,582,3,FALSE
1139,609,620,3,FALSE
1140,630,657,4,FALSE
1141,606,592,0,TRUE
1142,612,612,2,FALSE
1143,606,588,1,FALSE
1144,617,605,4,FALSE
1145,593,578,1,FALSE
1146,606,612,3,FALSE
1147,612,609,4,FALSE
1148,616,624,3,FALSE
1149,624,629,2,FALSE
1150,608,604,0,TRUE
1151,608,618,3,FALSE
1152,609,604,3,FALSE
1153,585,587,2,FALSE
1154,664,607,3,FALSE
1155,593,588,1,FALSE
1156,615,596,4,FALSE
1157,595,599,3,FALSE
1158,577,586,0,TRUE
1159,637,626,4,FALSE
1160,596,596,3,FALSE
1161,602,627,2,FALSE
1162,576,573,2,FALSE
1163,617,627,2,FALSE
1164,602,619,0,TRUE
1165,612,584,1,FALSE
1166,602,600,4,FALSE
1167,590,599,1,FALSE
1168,595,583,3,FALSE
1169,583,589,0,TRUE
1170,619,620,2,FALSE
1171,584,591,1,FALSE
1172,603,599,3,FALSE
1173,622,635,2,FALSE
1174,604,591,1,TRUE
1175,615,624,3,FALSE
1176,596,602,4,FALSE
1177,608,631,3,FALSE
1178,587,585,4,FALSE
1179,618,613,1,FALSE
1180,582,586,2,FALSE
1181,620,624,3,FALSE
1182,591,606,4,FALSE
1183,624,638,3,FALSE
1184,565,570,1,FALSE
1185,597,595,3,FALSE
1186,602,599,4,FALSE
1187,602,603,0,TRUE
1188,624,621,4,FALSE
1189,592,580,3,FALSE
1190,554,564,0,TRUE
1191,602,607,4,FALSE
1192,593,602,4,FALSE
1193,631,612,2,FALSE
1194,592,603,3,FALSE
1195,617,609,3,FALSE
1196,597,600,0,TRUE
1197,624,619,3,FALSE
1198,596,592,3,FALSE
1199,617,621,3,FALSE
1200,555,568,4,FALSE
1201,581,577,2,FALSE
1202,604,591,1,FALSE
1203,618,621,3,FALSE
1204,664,636,1,FALSE
1205,639,658,0,FALSE
1206,602,610,0,TRUE
1207,585,595,0,FALSE
1208,622,630,4,FALSE
1209,601,595,2,FALSE
1210,640,647,3,FALSE
1211,607,606,4,FALSE
1212,593,590,0,FALSE
1213,621,612,4,FALSE
1214,583,586,1,FALSE
1215,642,626,0,TRUE
1216,588,591,4,FALSE
1217,641,646,3,FALSE
1218,588,575,2,FALSE
1219,575,584,1,TRUE
1220,654,667,0,TRUE
1221,609,609,2,FALSE
1222,603,615,1,FALSE
1223,602,599,3,FALSE
1224,630,629,4,FALSE
1225,614,602,3,FALSE
1226,654,628,3,FALSE
1227,624,669,3,FALSE
1228,596,599,3,FALSE
1229,617,623,4,FALSE
1230,616,622,1,FALSE
1231,560,569,4,FALSE
1232,606,609,3,FALSE
1233,610,627,4,FALSE
1234,641,631,4,FALSE
1235,602,617,1,FALSE
1236,598,599,2,FALSE
1237,602,591,4,FALSE
1238,600,606,4,FALSE
1239,588,570,0,TRUE
1240,617,601,2,FALSE
1241,609,606,2,FALSE
1242,597,603,3,FALSE
1243,658,641,3,FALSE
1244,618,623,4,FALSE
1245,612,615,0,TRUE
1246,604,581,3,FALSE
1247,606,600,4,FALSE
1248,597,595,1,TRUE
1249,588,579,1,TRUE
1250,611,613,3,FALSE
1251,624,626,2,FALSE
1252,570,579,2,FALSE
1253,599,572,0,TRUE
1254,590,580,1,TRUE
1255,596,599,4,FALSE
1256,580,580,4,FALSE
1257,596,580,0,TRUE
1258,606,620,3,FALSE
1259,608,619,1,TRUE
1260,600,608,3,FALSE
1261,492,565,2,FALSE
1262,584,590,0,FALSE
1263,614,610,4,FALSE
1264,586,584,3,FALSE
1265,593,589,3,FALSE
1266,606,612,4,FALSE
1267,661,652,4,FALSE
1268,612,612,4,FALSE
1269,616,636,2,FALSE
1270,640,653,4,FALSE
1271,601,605,4,FALSE
1272,599,612,4,FALSE
1273,596,605,0,TRUE
1274,636,656,4,FALSE
1275,585,601,2,FALSE
1276,610,613,0,TRUE
1277,606,602,4,FALSE
1278,574,572,3,FALSE
1279,583,583,4,FALSE
1280,622,602,1,TRUE
1281,569,572,0,FALSE
1282,626,618,3,FALSE
1283,595,594,3,FALSE
1284,579,573,4,FALSE
1285,586,590,4,FALSE
1286,618,629,4,FALSE
1287,587,589,4,FALSE
1288,598,587,3,FALSE
1289,606,605,2,FALSE
1290,591,594,2,FALSE
1291,631,649,2,FALSE
1292,587,580,3,FALSE
1293,624,633,3,FALSE
1294,601,589,1,FALSE
1295,627,612,3,FALSE
1296,617,613,3,FALSE
1297,601,576,1,FALSE
1298,624,626,3,FALSE
1299,601,585,3,FALSE
1300,664,629,3,FALSE
1301,591,587,0,TRUE
1302,634,617,4,FALSE
1303,621,622,4,FALSE
1304,621,619,4,FALSE
1305,617,609,0,FALSE
1306,602,599,0,TRUE
1307,586,601,3,FALSE
1308,595,579,0,TRUE
1309,610,598,3,FALSE
1310,635,641,3,FALSE
1311,645,650,1,TRUE
1312,585,586,2,FALSE
1313,627,649,2,FALSE
1314,604,601,3,FALSE
1315,586,585,3,FALSE
1316,587,590,4,FALSE
1317,593,591,4,FALSE
1318,612,606,4,FALSE
1319,576,574,2,FALSE
1320,606,612,3,FALSE
1321,587,599,1,FALSE
1322,612,631,4,FALSE
1323,635,629,4,FALSE
1324,591,594,0,FALSE
1325,596,605,3,FALSE
1326,558,570,3,FALSE
1327,607,624,2,FALSE
1328,612,612,4,FALSE
1329,612,614,3,FALSE
1330,612,614,1,FALSE
1331,565,567,1,FALSE
1332,590,601,4,FALSE
1333,614,595,3,FALSE
1334,610,590,3,FALSE
1335,592,600,1,FALSE
1336,613,625,4,FALSE
1337,617,613,4,FALSE
1338,571,581,4,FALSE
1339,593,584,3,FALSE
1340,595,582,4,FALSE
1341,597,597,1,FALSE
1342,594,595,4,FALSE
1343,642,624,4,FALSE
1344,625,628,3,FALSE
1345,621,616,2,FALSE
1346,617,626,4,FALSE
1347,606,591,3,FALSE
1348,635,639,0,TRUE
1349,608,591,4,FALSE
1350,584,589,2,FALSE
1351,615,612,4,FALSE
1352,608,600,4,FALSE
1353,574,571,2,FALSE
1354,599,598,0,TRUE
1355,602,599,3,FALSE
1356,637,627,4,FALSE
1357,631,624,3,FALSE
1358,565,570,2,FALSE
1359,635,650,4,FALSE
1360,606,609,3,FALSE
1361,600,596,4,FALSE
1362,611,621,4,FALSE
1363,576,570,2,FALSE
1364,626,616,2,FALSE
1365,612,618,4,FALSE
1366,604,610,3,FALSE
1367,595,594,0,FALSE
1368,619,630,3,FALSE
1369,606,604,3,FALSE
1370,602,596,4,FALSE
1371,597,595,3,FALSE
1372,608,608,4,FALSE
1373,588,585,3,FALSE
1374,606,603,3,FALSE
1375,606,583,3,FALSE
1376,625,616,3,FALSE
1377,615,617,4,FALSE
1378,594,613,2,FALSE
1379,632,635,3,FALSE
1380,588,589,4,FALSE
1381,608,597,3,FALSE
1382,617,608,4,FALSE
1383,602,591,4,FALSE
1384,599,598,4,FALSE
1385,597,581,0,FALSE
1386,624,651,4,FALSE
1387,588,589,3,FALSE
1388,594,587,2,FALSE
1389,599,599,2,FALSE
1390,591,597,1,TRUE
1391,585,579,4,FALSE
1392,639,646,2,FALSE
1393,606,614,3,FALSE
1394,594,602,3,FALSE
1395,582,587,3,FALSE
1396,586,585,3,FALSE
1397,612,615,4,FALSE
1398,641,632,2,FALSE
1399,624,613,3,FALSE
1400,591,593,3,FALSE
1401,602,605,4,FALSE
1402,602,600,3,FALSE
1403,611,617,2,FALSE
1404,633,629,4,FALSE
1405,624,649,4,FALSE
1406,619,618,0,FALSE
1407,608,627,3,FALSE
1408,632,608,3,FALSE
1409,550,570,1,TRUE
1410,573,579,4,FALSE
1411,612,626,1,FALSE
1412,581,581,2,FALSE
1413,591,595,3,FALSE
1414,620,624,3,FALSE
1415,600,604,3,FALSE
1416,563,570,1,FALSE
1417,624,621,4,FALSE
1418,608,614,3,FALSE
1419,602,602,0,TRUE
1420,593,576,0,TRUE
1421,619,626,3,FALSE
1422,627,636,0,FALSE
1423,591,598,0,FALSE
1424,598,611,0,FALSE
1425,580,580,4,FALSE
1426,591,585,4,FALSE
1427,609,589,4,FALSE
1428,606,586,2,FALSE
1429,662,632,4,FALSE
1430,578,579,2,FALSE
1431,614,602,0,TRUE
1432,587,585,3,FALSE
1433,596,602,2,FALSE
1434,561,594,2,FALSE
1435,610,614,4,FALSE
1436,600,608,2,FALSE
1437,646,649,3,FALSE
1438,587,573,1,FALSE
1439,593,601,4,FALSE
1440,626,626,4,FALSE
1441,612,606,2,FALSE
1442,602,607,3,FALSE
1443,587,590,4,FALSE
1444,596,605,0,FALSE
1445,630,615,2,FALSE
1446,585,582,4,FALSE
1447,609,603,2,FALSE
1448,577,580,1,FALSE
1449,610,616,3,FALSE
1450,639,652,4,FALSE
1451,621,614,1,FALSE
1452,566,567,4,FALSE
1453,588,580,3,FALSE
1454,621,616,4,FALSE
1455,585,578,4,FALSE
1456,579,585,0,FALSE
1457,615,613,4,FALSE
1458,602,598,4,FALSE
1459,591,592,2,FALSE
1460,597,578,4,FALSE
1461,599,579,3,FALSE
1462,555,563,0,FALSE
1463,634,611,2,FALSE
1464,617,618,4,FALSE
1465,634,615,4,FALSE
1466,614,612,1,TRUE
1467,650,641,2,FALSE
1468,679,713,3,FALSE
1469,586,583,4,FALSE
1470,601,601,3,FALSE
1471,555,574,2,FALSE
1472,612,615,4,FALSE
1473,610,593,4,FALSE
1474,612,622,3,FALSE
1475,602,604,4,FALSE
1476,602,608,3,FALSE
1477,592,588,1,FALSE
1478,604,604,4,FALSE
1479,614,631,4,FALSE
1480,582,587,2,FALSE
1481,614,620,0,TRUE
1482,635,653,1,FALSE
1483,617,614,3,FALSE
1484,608,616,4,FALSE
1485,606,612,4,FALSE
1486,595,593,0,TRUE
1487,615,598,4,FALSE
1488,618,609,4,FALSE
1489,597,605,4,FALSE
1490,620,615,2,FALSE
1491,599,596,0,TRUE
1492,578,580,3,FALSE
1493,586,590,2,FALSE
1494,581,591,0,TRUE
1495,586,590,0,TRUE
1496,595,601,2,FALSE
1497,595,589,4,FALSE
1498,614,599,4,FALSE
1499,606,614,2,FALSE
1500,597,587,4,FALSE
1501,602,597,0,TRUE
1502,617,613,4,FALSE
1503,595,601,4,FALSE
1504,591,592,3,FALSE
1505,595,582,1,FALSE
1506,614,598,4,FALSE
1507,612,607,3,FALSE
1508,652,640,4,FALSE
1509,595,593,3,FALSE
1510,591,589,4,FALSE
1511,613,602,0,TRUE
1512,606,585,2,FALSE
1513,606,590,1,FALSE
1514,591,587,3,FALSE
1515,606,605,4,FALSE
1516,583,589,3,FALSE
1517,613,606,2,FALSE
1518,561,571,1,FALSE
1519,587,590,1,FALSE
1520,602,605,4,FALSE
1521,611,626,2,FALSE
1522,596,588,3,FALSE
1523,593,592,4,FALSE
1524,621,636,4,FALSE
1525,631,627,4,FALSE
1526,642,625,4,FALSE
1527,590,583,3,FALSE
1528,606,616,3,FALSE
1529,661,653,4,FALSE
1530,622,620,3,FALSE
1531,613,618,4,FALSE
1532,606,600,4,FALSE
1533,580,571,4,FALSE
1534,565,566,0,TRUE
1535,597,601,3,FALSE
1536,574,578,3,FALSE
1537,612,609,3,FALSE
1538,603,585,3,FALSE
1539,606,620,3,FALSE
1540,610,620,4,FALSE
1541,623,616,3,FALSE
1542,617,616,3,FALSE
1543,571,575,3,FALSE
1544,621,613,1,TRUE
1545,584,592,3,FALSE
1546,614,602,2,FALSE
1547,608,625,0,TRUE
1548,617,634,3,FALSE
1549,624,616,2,FALSE
1550,597,592,2,FALSE
1551,617,610,1,FALSE
1552,612,613,4,FALSE
1553,617,623,3,FALSE
1554,596,607,3,FALSE
1555,606,605,1,FALSE
1556,595,587,1,TRUE
1557,617,616,3,FALSE
1558,593,579,1,FALSE
1559,604,592,1,TRUE
1560,602,600,3,FALSE
1561,591,588,3,FALSE
1562,583,582,4,FALSE
1563,624,633,3,FALSE
1564,559,568,4,FALSE
1565,622,627,4,FALSE
1566,622,616,2,FALSE
1567,617,621,1,FALSE
1568,608,607,1,FALSE
1569,587,586,3,FALSE
1570,577,580,3,FALSE
1571,624,644,1,TRUE
1572,631,622,3,FALSE
1573,623,640,0,TRUE
1574,608,632,4,FALSE
1575,586,592,0,FALSE
1576,585,582,4,FALSE
1577,590,588,0,FALSE
1578,575,572,0,TRUE
1579,604,608,3,FALSE
1580,610,622,4,FALSE
1581,586,585,3,FALSE
1582,630,624,4,FALSE
1583,625,638,2,FALSE
1584,648,649,2,FALSE
1585,581,578,3,FALSE
1586,674,653,4,FALSE
1587,615,620,3,FALSE
1588,602,606,3,FALSE
1589,579,604,1,FALSE
1590,591,593,1,FALSE
1591,612,612,4,FALSE
1592,575,569,4,FALSE
1593,606,589,2,FALSE
1594,600,614,4,FALSE
1595,602,605,2,FALSE
1596,598,605,4,FALSE
1597,606,612,4,FALSE
1598,585,580,4,FALSE
1599,622,624,4,FALSE
1600,602,599,3,FALSE
1601,594,594,3,FALSE
1602,558,581,0,TRUE
1603,584,591,1,FALSE
1604,617,618,3,FALSE
1605,590,586,4,FALSE
1606,593,590,4,FALSE
1607,610,617,1,FALSE
1608,616,629,3,FALSE
1609,606,599,1,TRUE
1610,613,623,1,FALSE
1611,602,596,3,FALSE
1612,621,631,4,FALSE
1613,602,614,4,FALSE
1614,604,620,3,FALSE
1615,584,574,2,FALSE
1616,615,625,4,FALSE
1617,579,571,1,FALSE
1618,597,598,4,FALSE
1619,602,602,3,FALSE
1620,602,599,3,FALSE
1621,577,586,3,FALSE
1622,642,634,3,FALSE
1623,569,568,0,FALSE
1624,608,613,3,FALSE
1625,590,592,3,FALSE
1626,614,612,4,FALSE
1627,598,610,2,FALSE
1628,577,581,4,FALSE
1629,581,579,1,FALSE
1630,596,591,3,FALSE
1631,583,586,3,FALSE
1632,581,578,3,FALSE
1633,595,587,1,FALSE
1634,606,612,2,FALSE
1635,602,611,3,FALSE
1636,612,611,4,FALSE
1637,588,582,3,FALSE
1638,609,616,4,FALSE
1639,585,604,2,FALSE
1640,602,610,0,FALSE
1641,610,606,3,FALSE
1642,570,577,4,FALSE
1643,615,607,1,FALSE
1644,587,592,3,FALSE
1645,586,597,3,FALSE
1646,606,603,3,FALSE
1647,650,656,3,FALSE
1648,619,603,4,FALSE
1649,617,607,1,FALSE
1650,634,619,3,FALSE
1651,597,574,0,TRUE
1652,621,613,1,TRUE
1653,600,607,4,FALSE
1654,617,623,2,FALSE
1655,610,591,2,FALSE
1656,581,579,1,TRUE
1657,586,591,2,FALSE
1658,584,580,1,FALSE
1659,611,595,4,FALSE
1660,585,581,3,FALSE
1661,651,667,4,FALSE
1662,606,605,1,TRUE
1663,586,575,3,FALSE
1664,602,591,3,FALSE
1665,617,591,4,FALSE
1666,588,570,1,FALSE
1667,612,601,0,TRUE
1668,608,613,4,FALSE
1669,613,609,1,FALSE
1670,608,597,4,FALSE
1671,617,607,4,FALSE
1672,624,629,3,FALSE
1673,630,619,0,FALSE
1674,597,601,1,FALSE
1675,635,652,4,FALSE
1676,615,609,4,FALSE
1677,609,610,0,TRUE
1678,604,607,4,FALSE
1679,610,595,1,FALSE
1680,595,598,4,FALSE
1681,587,590,1,TRUE
1682,619,620,4,FALSE
1683,599,600,2,FALSE
1684,579,569,3,FALSE
1685,602,584,1,FALSE
1686,618,636,2,FALSE
1687,611,593,2,FALSE
1688,565,572,3,FALSE
1689,598,582,1,TRUE
1690,627,646,3,FALSE
1691,610,630,4,FALSE
1692,610,617,3,FALSE
1693,608,616,4,FALSE
1694,606,603,3,FALSE
1695,597,616,0,FALSE
1696,606,599,4,FALSE
1697,608,587,1,FALSE
1698,624,629,3,FALSE
1699,618,621,3,FALSE
1700,621,619,3,FALSE
1701,613,595,4,FALSE
1702,615,614,3,FALSE
1703,551,568,0,TRUE
1704,639,618,4,FALSE
1705,640,647,3,FALSE
1706,589,593,0,FALSE
1707,617,615,1,FALSE
1708,640,629,4,FALSE
1709,624,617,4,FALSE
1710,601,605,4,FALSE
1711,599,600,4,FALSE
1712,606,606,3,FALSE
1713,606,615,3,FALSE
1714,592,606,2,FALSE
1715,598,597,4,FALSE
1716,602,596,2,FALSE
1717,606,607,1,FALSE
1718,611,614,4,FALSE
1719,608,583,0,TRUE
1720,597,594,3,FALSE
1721,620,615,3,FALSE
1722,637,627,4,FALSE
1723,591,588,2,FALSE
1724,593,593,4,FALSE
1725,656,643,4,FALSE
1726,669,658,4,FALSE
1727,612,615,0,TRUE
1728,610,601,0,TRUE
1729,562,567,0,TRUE
1730,606,606,3,FALSE
1731,617,610,1,FALSE
1732,590,597,1,FALSE
1733,605,606,3,FALSE
1734,608,614,4,FALSE
1735,586,574,2,FALSE
1736,635,647,3,FALSE
1737,606,602,4,FALSE
1738,661,642,3,FALSE
1739,584,578,3,FALSE
1740,606,601,2,FALSE
1741,593,597,0,TRUE
1742,588,586,1,FALSE
1743,608,627,3,FALSE
1744,585,576,3,FALSE
1745,600,598,3,FALSE
1746,609,603,0,FALSE
1747,615,612,0,TRUE
1748,564,571,1,TRUE
1749,579,588,2,FALSE
1750,606,600,4,FALSE
1751,604,595,4,FALSE
1752,631,649,2,FALSE
1753,599,579,3,FALSE
1754,608,587,0,TRUE
1755,555,568,4,FALSE
1756,625,612,2,FALSE
1757,582,587,3,FALSE
1758,606,597,3,FALSE
1759,606,611,3,FALSE
1760,609,586,1,FALSE
1761,597,601,0,TRUE
1762,589,577,0,TRUE
1763,610,610,3,FALSE
1764,613,603,1,TRUE
1765,617,604,2,FALSE
1766,589,585,1,FALSE
1767,612,621,4,FALSE
1768,617,621,2,FALSE
1769,627,615,4,FALSE
1770,591,593,3,FALSE
1771,602,595,3,FALSE
1772,586,597,2,FALSE
1773,583,573,0,TRUE
1774,595,593,4,FALSE
1775,554,566,1,FALSE
1776,583,585,2,FALSE
1777,621,638,4,FALSE
1778,657,679,4,FALSE
1779,621,631,4,FALSE
1780,617,614,4,FALSE
1781,586,576,0,FALSE
1782,640,642,4,FALSE
1783,589,588,0,TRUE
1784,590,589,4,FALSE
1785,602,629,3,FALSE
1786,582,582,4,FALSE
1787,614,623,1,TRUE
1788,613,607,4,FALSE
1789,621,620,4,FALSE
1790,610,600,3,FALSE
1791,602,606,3,FALSE
1792,606,612,0,FALSE
1793,610,595,3,FALSE
1794,606,616,1,FALSE
1795,606,604,0,FALSE
1796,645,641,3,FALSE
1797,611,609,3,FALSE
1798,606,613,0,TRUE
1799,597,581,3,FALSE
1800,631,616,1,TRUE
1801,606,606,4,FALSE
1802,621,638,4,FALSE
1803,621,621,3,FALSE
1804,593,590,1,FALSE
1805,614,623,1,FALSE
1806,612,623,4,FALSE
1807,590,583,3,FALSE
1808,634,612,3,FALSE
1809,593,590,1,FALSE
1810,624,621,4,FALSE
1811,617,621,4,FALSE
1812,604,604,0,TRUE
1813,658,623,4,FALSE
1814,613,630,4,FALSE
1815,642,637,4,FALSE
1816,617,620,1,FALSE
1817,624,617,4,FALSE
1818,621,632,1,TRUE
1819,600,599,4,FALSE
1820,606,612,0,TRUE
1821,619,611,3,FALSE
1822,602,600,1,FALSE
1823,588,585,1,TRUE
1824,614,600,0,TRUE
1825,608,597,4,FALSE
1826,606,616,2,FALSE
1827,624,641,3,FALSE
1828,609,611,1,FALSE
1829,609,586,1,FALSE
1830,602,601,2,FALSE
1831,614,613,0,TRUE
1832,597,605,3,FALSE
1833,613,613,2,FALSE
1834,600,610,3,FALSE
1835,586,602,4,FALSE
1836,614,607,4,FALSE
1837,628,624,4,FALSE
1838,621,631,3,FALSE
1839,602,601,4,FALSE
1840,560,570,0,TRUE
1841,565,569,2,FALSE
1842,612,597,3,FALSE
1843,604,589,1,FALSE
1844,592,603,0,TRUE
1845,613,603,3,FALSE
1846,595,593,2,FALSE
1847,608,604,3,FALSE
1848,617,614,3,FALSE
1849,631,623,3,FALSE
1850,637,631,1,TRUE
1851,584,588,1,FALSE
1852,621,607,4,FALSE
1853,610,612,2,FALSE
1854,616,614,3,FALSE
1855,652,616,1,FALSE
1856,602,593,1,FALSE
1857,619,601,4,FALSE
1858,612,609,4,FALSE
1859,612,620,3,FALSE
1860,592,580,2,FALSE
1861,619,616,3,FALSE
1862,585,577,3,FALSE
1863,602,599,1,FALSE
1864,595,581,2,FALSE
1865,658,631,4,FALSE
1866,641,646,3,FALSE
1867,640,643,4,FALSE
1868,587,593,3,FALSE
1869,615,617,2,FALSE
1870,620,618,4,FALSE
1871,565,573,0,TRUE
1872,606,576,0,FALSE
1873,656,649,3,FALSE
1874,584,602,3,FALSE
1875,614,612,4,FALSE
1876,601,593,3,FALSE
1877,666,642,4,FALSE
1878,637,631,3,FALSE
1879,609,623,1,TRUE
1880,617,609,3,FALSE
1881,564,571,4,FALSE
1882,600,587,4,FALSE
1883,612,600,0,TRUE
1884,602,602,3,FALSE
1885,605,604,4,FALSE
1886,591,593,3,FALSE
1887,615,617,4,FALSE
1888,578,573,0,TRUE
1889,614,608,1,FALSE
1890,646,649,3,FALSE
1891,592,593,0,TRUE
1892,597,595,2,FALSE
1893,606,606,3,FALSE
1894,600,601,4,FALSE
1895,640,652,3,FALSE
1896,586,590,4,FALSE
1897,579,580,3,FALSE
1898,617,604,0,FALSE
1899,589,596,4,FALSE
1900,641,612,4,FALSE
1901,602,604,2,FALSE
1902,607,595,2,FALSE
1903,617,622,3,FALSE
1904,590,579,3,FALSE
1905,583,589,3,FALSE
1906,604,583,4,FALSE
1907,587,588,4,FALSE
1908,610,623,4,FALSE
1909,632,627,4,FALSE
1910,549,564,4,FALSE
1911,617,614,4,FALSE
1912,602,595,3,FALSE
1913,606,615,2,FALSE
1914,617,624,3,FALSE
1915,597,605,3,FALSE
1916,589,593,0,TRUE
1917,527,568,3,FALSE
1918,605,604,2,FALSE
1919,538,564,3,FALSE
1920,621,605,3,FALSE
1921,617,621,4,FALSE
1922,617,620,3,FALSE
1923,602,616,1,FALSE
1924,606,620,2,FALSE
1925,624,619,4,FALSE
1926,610,610,1,FALSE
1927,606,612,3,FALSE
1928,616,623,3,FALSE
1929,593,602,4,FALSE
1930,655,635,4,FALSE
1931,613,608,3,FALSE
1932,612,616,3,FALSE
1933,621,619,3,FALSE
1934,606,599,4,FALSE
1935,650,631,4,FALSE
1936,606,614,1,FALSE
1937,590,598,2,FALSE
1938,606,623,3,FALSE
1939,588,589,2,FALSE
1940,580,572,3,FALSE
1941,602,599,4,FALSE
1942,601,609,1,TRUE
1943,606,615,2,FALSE
1944,612,601,1,TRUE
1945,599,598,4,FALSE
1946,643,638,2,FALSE
1947,615,598,2,FALSE
1948,614,603,0,FALSE
1949,602,607,2,FALSE
1950,640,650,2,FALSE
1951,628,644,4,FALSE
1952,605,606,4,FALSE
1953,591,584,4,FALSE
1954,655,640,3,FALSE
1955,599,575,2,FALSE
1956,602,623,3,FALSE
1957,564,571,0,TRUE
1958,598,587,2,FALSE
1959,613,604,4,FALSE
1960,604,636,2,FALSE
1961,622,647,3,FALSE
1962,595,577,0,FALSE
1963,618,614,3,FALSE
1964,598,607,4,FALSE
1965,614,594,0,TRUE
1966,591,592,3,FALSE
1967,600,606,1,FALSE
1968,610,603,4,FALSE
1969,637,632,3,FALSE
1970,535,569,4,FALSE
1971,590,580,1,FALSE
1972,587,592,2,FALSE
1973,616,625,4,FALSE
1974,610,586,0,TRUE
1975,615,615,3,FALSE
1976,608,600,1,FALSE
1977,613,605,4,FALSE
1978,611,616,3,FALSE
1979,596,603,2,FALSE
1980,550,580,3,FALSE
1981,606,611,1,FALSE
1982,606,619,3,FALSE
1983,588,586,1,FALSE
1984,602,611,3,FALSE
1985,576,579,1,FALSE
1986,639,598,4,FALSE
1987,606,603,4,FALSE
1988,576,582,1,FALSE
1989,597,606,4,FALSE
1990,614,606,3,FALSE
1991,608,605,3,FALSE
1992,577,581,4,FALSE
1993,610,626,3,FALSE
1994,627,612,3,FALSE
1995,626,634,4,FALSE
1996,663,658,2,FALSE
1997,640,633,2,FALSE
1998,602,611,3,FALSE
1999,602,604,4,FALSE
2000,576,566,1,FALSE
2001,524,570,0,TRUE
2002,622,619,3,FALSE
2003,595,593,3,FALSE
2004,627,634,4,FALSE
2005,614,596,2,FALSE
2006,643,636,2,FALSE
2007,671,659,0,TRUE
2008,602,618,3,FALSE
2009,615,598,3,FALSE
2010,602,596,0,TRUE
2011,605,605,3,FALSE
2012,636,608,4,FALSE
2013,646,641,4,FALSE
2014,609,628,1,FALSE
2015,591,587,3,FALSE
2016,612,631,4,FALSE
2017,608,597,4,FALSE
2018,584,580,3,FALSE
2019,630,656,1,FALSE
2020,609,596,0,FALSE
2021,644,642,1,FALSE
2022,584,589,3,FALSE
2023,598,591,2,FALSE
2024,588,590,3,FALSE
2025,585,583,4,FALSE
2026,635,621,1,TRUE
2027,606,596,1,FALSE
2028,635,634,1,FALSE
2029,530,564,1,FALSE
2030,583,585,0,TRUE
2031,617,623,4,FALSE
2032,606,610,3,FALSE
2033,602,603,3,FALSE
2034,618,614,1,FALSE
2035,611,606,1,FALSE
2036,593,587,3,FALSE
2037,635,635,4,FALSE
2038,591,593,4,FALSE
2039,569,568,0,TRUE
2040,631,641,1,FALSE
2041,602,616,4,FALSE
2042,611,591,2,FALSE
2043,626,632,3,FALSE
2044,615,616,3,FALSE
2045,614,612,2,FALSE
2046,583,588,2,FALSE
2047,571,575,1,FALSE
2048,602,613,4,FALSE
2049,610,616,4,FALSE
2050,630,628,4,FALSE
2051,600,593,3,FALSE
2052,608,615,2,FALSE
2053,606,615,4,FALSE
2054,601,581,3,FALSE
2055,611,606,4,FALSE
2056,602,601,0,FALSE
2057,591,600,4,FALSE
2058,611,614,4,FALSE
2059,624,632,3,FALSE
2060,645,650,3,FALSE
2061,601,613,4,FALSE
2062,589,591,4,FALSE
2063,598,603,3,FALSE
2064,606,589,1,FALSE
2065,595,601,2,FALSE
2066,626,619,3,FALSE
2067,604,611,1,FALSE
2068,610,635,4,FALSE
2069,604,606,4,FALSE
2070,602,617,2,FALSE
2071,657,653,4,FALSE
2072,593,594,3,FALSE
2073,586,600,1,FALSE
2074,610,588,3,FALSE
2075,602,611,4,FALSE
2076,612,596,3,FALSE
2077,611,608,4,FALSE
2078,639,638,4,FALSE
2079,597,602,0,TRUE
2080,606,610,1,FALSE
2081,597,598,4,FALSE
2082,628,634,2,FALSE
2083,611,603,3,FALSE
2084,612,596,3,FALSE
2085,606,606,4,FALSE
2086,588,591,3,FALSE
2087,590,599,1,FALSE
2088,614,607,3,FALSE
2089,593,584,4,FALSE
2090,599,598,3,FALSE
2091,586,578,4,FALSE
2092,604,615,2,FALSE
2093,612,613,0,TRUE
2094,590,577,4,FALSE
2095,585,581,4,FALSE
2096,595,593,0,TRUE
2097,590,584,4,FALSE
2098,602,606,4,FALSE
2099,657,617,2,FALSE
2100,565,567,1,TRUE
2101,620,621,4,FALSE
2102,593,583,0,TRUE
2103,628,630,4,FALSE
2104,641,645,3,FALSE
2105,585,586,3,FALSE
2106,617,602,3,FALSE
2107,619,608,4,FALSE
2108,644,632,2,FALSE
2109,609,618,3,FALSE
2110,648,662,4,FALSE
2111,604,589,3,FALSE
2112,606,610,0,FALSE
2113,590,595,3,FALSE
2114,653,631,2,FALSE
2115,627,639,2,FALSE
2116,613,620,2,FALSE
2117,610,620,1,FALSE
2118,592,576,4,FALSE
2119,648,653,4,FALSE
2120,635,622,0,FALSE
2121,588,579,4,FALSE
2122,590,588,0,TRUE
2123,606,595,2,FALSE
2124,608,612,2,FALSE
2125,621,612,2,FALSE
2126,578,579,2,FALSE
2127,608,619,1,FALSE
2128,591,594,1,FALSE
2129,649,674,4,FALSE
2130,584,580,1,FALSE
2131,599,599,3,FALSE
2132,596,606,3,FALSE
2133,558,567,0,TRUE
2134,612,615,4,FALSE
2135,602,602,4,FALSE
2136,602,613,4,FALSE
2137,534,565,3,FALSE
2138,621,626,4,FALSE
2139,585,577,3,FALSE
2140,609,618,3,FALSE
2141,608,602,1,FALSE
2142,635,635,4,FALSE
2143,606,604,2,FALSE
2144,656,640,3,FALSE
2145,625,632,4,FALSE
2146,595,597,1,FALSE
2147,640,630,3,FALSE
2148,608,596,3,FALSE
2149,606,622,3,FALSE
2150,681,695,4,FALSE
2151,624,611,2,FALSE
2152,593,575,3,FALSE
2153,584,590,3,FALSE
2154,604,601,1,FALSE
2155,601,600,3,FALSE
2156,624,641,3,FALSE
2157,621,620,4,FALSE
2158,645,669,4,FALSE
2159,597,599,4,FALSE
2160,610,623,4,FALSE
2161,590,595,3,FALSE
2162,645,650,1,TRUE
2163,591,591,4,FALSE
2164,610,609,4,FALSE
2165,621,612,3,FALSE
2166,610,615,3,FALSE
2167,583,587,1,FALSE
2168,624,615,3,FALSE
2169,604,607,1,FALSE
2170,621,624,0,TRUE
2171,610,633,3,FALSE
2172,581,589,1,FALSE
2173,632,636,3,FALSE
2174,595,608,2,FALSE
2175,604,598,0,TRUE
2176,615,625,4,FALSE
2177,580,579,3,FALSE
2178,621,612,3,FALSE
2179,598,597,4,FALSE
2180,611,627,3,FALSE
2181,590,599,3,FALSE
2182,592,589,4,FALSE
2183,604,583,3,FALSE
2184,611,609,1,FALSE
2185,651,658,3,FALSE
2186,627,616,4,FALSE
2187,619,611,0,TRUE
2188,622,628,3,FALSE
2189,633,642,3,FALSE
2190,614,615,3,FALSE
2191,624,625,1,FALSE
2192,610,624,3,FALSE
2193,566,566,2,FALSE
2194,608,614,3,FALSE
2195,630,621,4,FALSE
2196,645,643,3,FALSE
2197,602,597,4,FALSE
2198,619,626,3,FALSE
2199,617,625,3,FALSE
2200,645,631,3,FALSE
2201,628,665,4,FALSE
2202,595,593,3,FALSE
2203,606,612,1,FALSE
2204,640,638,4,FALSE
2205,612,583,4,FALSE
2206,598,595,3,FALSE
2207,596,606,1,TRUE
2208,606,599,4,FALSE
2209,608,610,3,FALSE
2210,565,575,2,FALSE
2211,606,607,2,FALSE
2212,606,596,0,TRUE
2213,607,627,2,FALSE
2214,590,594,2,FALSE
2215,617,614,1,FALSE
2216,614,626,3,FALSE
2217,588,604,4,FALSE
2218,621,600,3,FALSE
2219,586,584,2,FALSE
2220,603,589,4,FALSE
2221,615,610,3,FALSE
2222,556,568,0,TRUE
2223,610,604,4,FALSE
2224,590,585,3,FALSE
2225,617,603,4,FALSE
2226,593,584,0,TRUE
2227,584,590,1,FALSE
2228,609,607,4,FALSE
2229,595,585,4,FALSE
2230,597,605,4,FALSE
2231,655,626,4,FALSE
2232,579,573,4,FALSE
2233,669,622,4,FALSE
2234,639,631,4,FALSE
2235,592,596,1,FALSE
2236,614,605,3,FALSE
2237,603,605,3,FALSE
2238,583,584,2,FALSE
2239,595,595,3,FALSE
2240,565,567,0,TRUE
2241,671,659,0,TRUE
2242,658,640,3,FALSE
2243,606,591,3,FALSE
2244,606,618,3,FALSE
2245,623,642,3,FALSE
2246,606,585,0,TRUE
2247,636,649,3,FALSE
2248,620,626,3,FALSE
2249,573,576,3,FALSE
2250,634,621,3,FALSE
2251,624,641,4,FALSE
2252,593,594,2,FALSE
2253,623,614,4,FALSE
2254,576,570,0,FALSE
2255,642,625,4,FALSE
2256,590,576,3,FALSE
2257,588,593,3,FALSE
2258,574,573,3,FALSE
2259,570,580,2,FALSE
2260,602,595,4,FALSE
2261,609,587,3,FALSE
2262,640,660,4,FALSE
2263,610,591,1,FALSE
2264,530,564,3,FALSE
2265,593,587,3,FALSE
2266,602,610,4,FALSE
2267,596,601,2,FALSE
2268,585,581,3,FALSE
2269,576,578,3,FALSE
2270,606,601,4,FALSE
2271,602,610,3,FALSE
2272,579,579,0,TRUE
2273,601,594,3,FALSE
2274,608,609,1,TRUE
2275,590,584,4,FALSE
2276,579,585,3,FALSE
2277,621,616,3,FALSE
2278,603,586,4,FALSE
2279,587,571,3,FALSE
2280,593,590,4,FALSE
2281,608,601,3,FALSE
2282,590,595,3,FALSE
2283,617,626,4,FALSE
2284,617,608,3,FALSE
2285,600,598,3,FALSE
2286,614,619,3,FALSE
2287,602,604,4,FALSE
2288,590,577,1,FALSE
2289,614,590,3,FALSE
2290,598,599,4,FALSE
2291,593,592,3,FALSE
2292,606,612,3,FALSE
2293,601,583,0,TRUE
2294,602,600,2,FALSE
2295,617,606,2,FALSE
2296,563,588,4,FALSE
2297,624,617,4,FALSE
2298,608,590,4,FALSE
2299,597,594,4,FALSE
2300,602,604,4,FALSE
2301,569,579,3,FALSE
2302,621,633,3,FALSE
2303,543,566,0,FALSE
2304,615,601,1,FALSE
2305,604,611,1,FALSE
2306,612,600,3,FALSE
2307,596,607,0,TRUE
2308,615,613,3,FALSE
2309,573,576,2,FALSE
2310,591,592,0,FALSE
2311,625,627,4,FALSE
2312,565,566,3,FALSE
2313,609,610,0,TRUE
2314,599,578,2,FALSE
2315,626,620,4,FALSE
2316,617,615,3,FALSE
2317,630,623,4,FALSE
2318,550,567,2,FALSE
2319,597,608,1,FALSE
2320,577,581,1,TRUE
2321,621,625,4,FALSE
2322,632,656,3,FALSE
2323,635,641,3,FALSE
2324,606,603,0,TRUE
2325,566,567,3,FALSE
2326,558,580,4,FALSE
2327,621,600,2,FALSE
2328,655,640,0,FALSE
2329,614,601,4,FALSE
2330,582,575,3,FALSE
2331,599,602,4,FALSE
2332,585,579,3,FALSE
2333,593,594,1,FALSE
2334,621,612,3,FALSE
2335,615,620,4,FALSE
2336,606,588,4,FALSE
2337,617,625,3,FALSE
2338,615,633,1,TRUE
2339,653,649,3,FALSE
2340,621,625,2,FALSE
2341,583,589,0,TRUE
2342,606,610,1,FALSE
2343,582,589,2,FALSE
2344,617,595,4,FALSE
2345,608,611,0,TRUE
2346,615,622,1,FALSE
2347,634,642,4,FALSE
2348,630,618,4,FALSE
2349,582,580,1,FALSE
2350,639,646,4,FALSE
2351,597,617,3,FALSE
2352,615,594,3,FALSE
2353,610,619,2,FALSE
2354,593,586,3,FALSE
2355,599,597,0,TRUE
2356,583,587,4,FALSE
2357,619,632,4,FALSE
2358,610,593,0,TRUE
2359,580,577,3,FALSE
2360,627,617,4,FALSE
2361,602,605,2,FALSE
2362,606,616,3,FALSE
2363,621,625,4,FALSE
2364,613,637,0,TRUE
2365,595,581,1,FALSE
2366,610,587,0,FALSE
2367,590,590,2,FALSE
2368,595,593,0,TRUE
2369,526,566,4,FALSE
2370,584,593,4,FALSE
2371,628,621,4,FALSE
2372,569,571,1,FALSE
2373,580,579,3,FALSE
2374,664,629,3,FALSE
2375,611,612,1,FALSE
2376,642,625,4,FALSE
2377,606,617,3,FALSE
2378,599,590,1,FALSE
2379,596,591,3,FALSE
2380,627,614,3,FALSE
2381,602,617,2,FALSE
2382,554,564,0,TRUE
2383,585,598,0,TRUE
2384,580,579,3,FALSE
2385,593,603,2,FALSE
2386,600,597,3,FALSE
2387,605,613,1,FALSE
2388,599,590,0,FALSE
2389,583,588,4,FALSE
2390,594,586,4,FALSE
2391,610,584,0,FALSE
2392,600,599,4,FALSE
2393,606,621,4,FALSE
2394,590,585,0,FALSE
2395,596,604,3,FALSE
2396,608,594,3,FALSE
2397,606,636,3,FALSE
2398,594,615,1,FALSE
2399,602,593,1,FALSE
2400,648,639,3,FALSE
2401,602,616,3,FALSE
2402,612,620,4,FALSE
2403,595,595,4,FALSE
2404,627,628,2,FALSE
2405,597,607,3,FALSE
2406,664,628,3,FALSE
2407,606,605,3,FALSE
2408,527,564,4,FALSE
2409,599,591,0,FALSE
2410,632,629,4,FALSE
2411,573,580,3,FALSE
2412,600,600,1,FALSE
2413,583,594,3,FALSE
2414,621,626,4,FALSE
2415,618,624,2,FALSE
2416,580,576,3,FALSE
2417,579,571,1,FALSE
2418,606,605,1,TRUE
2419,657,649,2,FALSE
2420,597,577,1,TRUE
2421,619,620,0,TRUE
2422,606,601,3,FALSE
2423,602,602,2,FALSE
2424,602,585,0,TRUE
2425,666,645,2,FALSE
2426,606,629,4,FALSE
2427,596,580,0,FALSE
2428,633,629,3,FALSE
2429,564,574,4,FALSE
2430,599,587,0,TRUE
2431,569,576,3,FALSE
2432,596,589,0,TRUE
2433,559,568,1,FALSE
2434,604,584,2,FALSE
2435,608,622,3,FALSE
2436,630,656,2,FALSE
2437,602,607,2,FALSE
2438,645,683,3,FALSE
2439,606,614,2,FALSE
2440,590,590,1,FALSE
2441,587,604,3,FALSE
2442,606,613,3,FALSE
2443,615,613,3,FALSE
2444,651,668,4,FALSE
2445,606,610,4,FALSE
2446,534,564,0,FALSE
2447,624,625,2,FALSE
2448,563,573,0,TRUE
2449,615,604,1,TRUE
2450,591,585,3,FALSE
2451,582,572,3,FALSE
2452,600,611,4,FALSE
2453,588,587,4,FALSE
2454,603,615,3,FALSE
2455,524,564,4,FALSE
2456,613,633,2,FALSE
2457,590,577,4,FALSE
2458,597,591,3,FALSE
2459,634,612,1,TRUE
2460,590,589,4,FALSE
2461,617,620,3,FALSE
2462,614,621,2,FALSE
2463,609,585,4,FALSE
2464,582,584,3,FALSE
2465,659,651,4,FALSE
2466,602,609,4,FALSE
2467,593,594,4,FALSE
2468,579,575,0,TRUE
2469,621,620,4,FALSE
2470,637,611,0,TRUE
2471,584,578,0,TRUE
2472,614,594,4,FALSE
2473,595,586,2,FALSE
2474,582,587,4,FALSE
2475,638,656,4,FALSE
2476,609,598,3,FALSE
2477,603,617,1,FALSE
2478,606,607,2,FALSE
2479,600,604,4,FALSE
2480,549,564,0,TRUE
2481,612,617,2,FALSE
2482,602,605,2,FALSE
2483,614,610,1,FALSE
2484,604,615,0,FALSE
2485,593,592,4,FALSE
2486,615,618,0,TRUE
2487,588,589,4,FALSE
2488,590,604,4,FALSE
2489,617,617,2,FALSE
2490,598,597,2,FALSE
2491,529,567,3,FALSE
2492,613,604,2,FALSE
2493,627,638,3,FALSE
2494,653,622,4,FALSE
2495,587,587,2,FALSE
2496,604,602,4,FALSE
2497,602,609,0,FALSE
2498,620,618,4,FALSE
2499,611,610,4,FALSE
2500,602,612,1,FALSE
2501,600,603,1,FALSE
2502,617,620,1,FALSE
2503,617,621,2,FALSE
2504,610,617,3,FALSE
2505,610,608,4,FALSE
2506,550,570,1,TRUE
2507,593,585,3,FALSE
2508,640,627,2,FALSE
2509,582,582,4,FALSE
2510,642,625,4,FALSE
2511,612,627,2,FALSE
2512,598,607,1,FALSE
2513,655,643,2,FALSE
2514,606,611,1,FALSE
2515,637,619,2,FALSE
2516,606,612,1,FALSE
2517,617,610,2,FALSE
2518,611,600,3,FALSE
2519,606,616,4,FALSE
2520,586,575,2,FALSE
2521,597,580,3,FALSE
2522,596,607,3,FALSE
2523,614,629,4,FALSE
2524,645,643,4,FALSE
2525,658,629,3,FALSE
2526,595,588,3,FALSE
2527,608,589,1,FALSE
2528,593,593,3,FALSE
2529,595,590,0,TRUE
2530,609,623,3,FALSE
2531,578,577,4,FALSE
2532,630,631,2,FALSE
2533,621,616,4,FALSE
2534,581,590,4,FALSE
2535,572,574,1,FALSE
2536,610,613,1,TRUE
2537,630,627,3,FALSE
2538,646,669,3,FALSE
2539,587,590,1,FALSE
2540,590,590,1,FALSE
2541,597,605,0,TRUE
2542,615,610,3,FALSE
2543,610,601,1,TRUE
2544,615,601,1,FALSE
2545,628,634,2,FALSE
2546,610,619,3,FALSE
2547,615,613,4,FALSE
2548,630,628,4,FALSE
2549,606,616,3,FALSE
2550,634,637,3,FALSE
2551,598,604,3,FALSE
2552,635,645,3,FALSE
2553,593,594,4,FALSE
2554,654,683,4,FALSE
2555,669,678,4,FALSE
2556,613,622,3,FALSE
2557,570,578,3,FALSE
2558,630,619,0,TRUE
2559,614,612,4,FALSE
2560,625,628,4,FALSE
2561,636,619,2,FALSE
2562,608,614,4,FALSE
2563,606,581,2,FALSE
2564,621,624,4,FALSE
2565,616,632,1,FALSE
2566,597,603,3,FALSE
2567,652,631,1,FALSE
2568,621,627,4,FALSE
2569,647,651,4,FALSE
2570,586,591,1,FALSE
2571,575,593,4,FALSE
2572,606,600,1,FALSE
2573,626,629,1,FALSE
2574,610,601,0,TRUE
2575,596,600,4,FALSE
2576,600,587,0,TRUE
2577,598,610,2,FALSE
2578,613,604,3,FALSE
2579,589,578,1,FALSE
2580,588,584,1,TRUE
2581,597,591,3,FALSE
2582,600,595,3,FALSE
2583,604,615,4,FALSE
2584,550,569,0,TRUE
2585,597,594,4,FALSE
2586,611,600,3,FALSE
2587,649,631,4,FALSE
2588,606,617,3,FALSE
2589,614,645,2,FALSE
2590,569,568,1,FALSE
2591,610,614,2,FALSE
2592,585,587,3,FALSE
2593,600,602,0,FALSE
2594,593,588,0,TRUE
2595,625,627,2,FALSE
2596,586,590,0,TRUE
2597,609,582,1,FALSE
2598,541,567,2,FALSE
2599,639,643,3,FALSE
2600,617,642,3,FALSE
2601,600,608,2,FALSE
2602,591,606,2,FALSE
2603,588,592,1,FALSE
2604,595,577,2,FALSE
2605,650,676,3,FALSE
2606,652,649,2,FALSE
2607,611,617,3,FALSE
2608,635,620,4,FALSE
2609,595,591,3,FALSE
2610,560,575,1,FALSE
2611,611,606,0,FALSE
2612,666,651,3,FALSE
2613,568,569,0,TRUE
2614,620,615,2,FALSE
2615,585,581,3,FALSE
2616,569,574,1,FALSE
2617,565,567,0,FALSE
2618,600,600,1,FALSE
2619,590,590,4,FALSE
2620,608,602,4,FALSE
2621,555,563,0,TRUE
2622,616,612,2,FALSE
2623,602,604,2,FALSE
2624,570,566,3,FALSE
2625,569,569,4,FALSE
2626,606,609,3,FALSE
2627,609,596,2,FALSE
2628,635,638,3,FALSE
2629,574,575,1,TRUE
2630,590,586,1,TRUE
2631,612,615,1,FALSE
2632,618,620,1,FALSE
2633,609,583,3,FALSE
2634,577,579,3,FALSE
2635,612,610,3,FALSE
2636,574,571,2,FALSE
2637,593,583,0,TRUE
2638,610,595,3,FALSE
2639,624,643,4,FALSE
2640,615,612,3,FALSE
2641,681,668,4,FALSE
2642,590,584,4,FALSE
2643,608,603,2,FALSE
2644,602,609,4,FALSE
2645,624,643,2,FALSE
2646,600,597,3,FALSE
2647,613,626,0,TRUE
2648,620,626,1,FALSE
2649,621,606,3,FALSE
2650,628,624,4,FALSE
2651,643,630,2,FALSE
2652,606,607,2,FALSE
2653,604,594,2,FALSE
2654,606,596,4,FALSE
2655,608,616,4,FALSE
2656,561,570,0,TRUE
2657,596,598,0,TRUE
2658,608,618,3,FALSE
2659,621,627,4,FALSE
2660,635,636,3,FALSE
2661,650,647,2,FALSE
2662,593,587,2,FALSE
2663,589,594,2,FALSE
2664,644,648,4,FALSE
2665,605,605,3,FALSE
2666,597,602,2,FALSE
2667,602,595,3,FALSE
2668,595,607,4,FALSE
2669,598,596,2,FALSE
2670,656,650,3,FALSE
2671,611,617,1,FALSE
2672,600,602,1,TRUE
2673,637,621,4,FALSE
2674,610,630,3,FALSE
2675,606,610,3,FALSE
2676,643,630,3,FALSE
2677,541,565,1,FALSE
2678,564,574,0,TRUE
2679,635,639,4,FALSE
2680,617,605,4,FALSE
2681,608,600,2,FALSE
2682,595,590,1,FALSE
2683,615,619,4,FALSE
2684,592,587,1,FALSE
2685,589,596,0,TRUE
2686,634,639,2,FALSE
2687,527,566,0,FALSE
2688,618,620,4,FALSE
2689,582,579,3,FALSE
2690,577,579,2,FALSE
2691,604,605,0,TRUE
2692,612,617,4,FALSE
2693,634,617,1,TRUE
2694,598,597,4,FALSE
2695,630,620,3,FALSE
2696,645,650,1,TRUE
2697,611,616,3,FALSE
2698,595,582,4,FALSE
2699,598,604,3,FALSE
2700,602,589,4,FALSE
2701,595,582,4,FALSE
2702,606,607,0,FALSE
2703,606,592,0,TRUE
2704,595,609,2,FALSE
2705,605,606,4,FALSE
2706,601,609,1,TRUE
2707,589,590,1,FALSE
2708,639,646,2,FALSE
2709,608,597,3,FALSE
2710,624,630,4,FALSE
2711,651,658,4,FALSE
2712,610,595,1,FALSE
2713,600,603,2,FALSE
2714,601,609,1,TRUE
2715,606,609,1,FALSE
2716,612,609,4,FALSE
2717,595,589,3,FALSE
2718,575,569,4,FALSE
2719,612,618,3,FALSE
2720,588,580,0,FALSE
2721,608,601,0,TRUE
2722,583,585,0,TRUE
2723,574,575,3,FALSE
2724,611,601,4,FALSE
2725,587,584,1,FALSE
2726,605,604,4,FALSE
2727,627,623,1,FALSE
2728,624,651,4,FALSE
2729,584,584,0,TRUE
2730,565,571,3,FALSE
2731,587,585,3,FALSE
2732,635,620,4,FALSE
2733,606,608,3,FALSE
2734,606,606,4,FALSE
2735,600,598,4,FALSE
2736,602,610,4,FALSE
2737,549,569,3,FALSE
2738,602,584,0,TRUE
2739,595,591,2,FALSE
2740,606,608,0,TRUE
2741,577,577,1,TRUE
2742,602,598,4,FALSE
2743,610,588,0,FALSE
2744,590,603,4,FALSE
2745,602,602,2,FALSE
2746,627,625,4,FALSE
2747,631,632,4,FALSE
2748,614,617,4,FALSE
2749,613,607,3,FALSE
2750,607,609,3,FALSE
2751,576,570,2,FALSE
2752,606,601,4,FALSE
2753,614,609,4,FALSE
2754,589,584,0,TRUE
2755,619,613,4,FALSE
2756,573,567,2,FALSE
2757,613,599,4,FALSE
2758,597,591,4,FALSE
2759,593,607,4,FALSE
2760,614,612,4,FALSE
2761,586,595,2,FALSE
2762,602,595,2,FALSE
2763,612,584,1,FALSE
2764,612,617,3,FALSE
2765,613,607,3,FALSE
2766,589,593,4,FALSE
2767,614,625,3,FALSE
2768,602,597,4,FALSE
2769,602,629,3,FALSE
2770,639,644,4,FALSE
2771,614,605,2,FALSE
2772,617,632,4,FALSE
2773,610,646,4,FALSE
2774,583,586,1,FALSE
2775,599,603,4,FALSE
2776,592,599,2,FALSE
2777,590,593,0,TRUE
2778,592,599,2,FALSE
2779,679,680,3,FALSE
2780,565,569,2,FALSE
2781,578,584,1,FALSE
2782,620,634,0,TRUE
2783,606,598,1,FALSE
2784,596,591,0,TRUE
2785,587,592,1,FALSE
2786,608,600,4,FALSE
2787,579,573,1,FALSE
2788,607,618,4,FALSE
2789,612,609,0,TRUE
2790,608,622,1,FALSE
2791,634,617,1,TRUE
2792,643,639,3,FALSE
2793,573,570,4,FALSE
2794,570,579,4,FALSE
2795,590,597,1,FALSE
2796,608,608,4,FALSE
2797,611,627,2,FALSE
2798,606,602,0,TRUE
2799,614,616,3,FALSE
2800,606,606,3,FALSE
2801,602,602,2,FALSE
2802,615,612,0,TRUE
2803,590,584,3,FALSE
2804,612,613,3,FALSE
2805,631,624,3,FALSE
2806,627,630,2,FALSE
2807,537,565,0,FALSE
2808,606,589,1,FALSE
2809,635,646,4,FALSE
2810,597,602,3,FALSE
2811,595,583,3,FALSE
2812,588,589,3,FALSE
2813,606,599,1,FALSE
2814,609,588,2,FALSE
2815,647,652,4,FALSE
2816,596,593,3,FALSE
2817,591,597,4,FALSE
2818,645,651,3,FALSE
2819,608,597,2,FALSE
2820,613,603,4,FALSE
2821,590,585,1,FALSE
2822,621,608,4,FALSE
2823,583,594,4,FALSE
2824,601,601,3,FALSE
2825,602,606,2,FALSE
2826,625,614,3,FALSE
2827,621,629,4,FALSE
2828,661,653,1,FALSE
2829,608,597,4,FALSE
2830,593,603,3,FALSE
2831,599,596,3,FALSE
2832,617,605,0,TRUE
2833,588,592,1,FALSE
2834,608,615,2,FALSE
2835,608,615,3,FALSE
2836,590,579,2,FALSE
2837,635,636,3,FALSE
2838,621,630,3,FALSE
2839,581,569,2,FALSE
2840,586,588,4,FALSE
2841,602,610,4,FALSE
2842,601,602,3,FALSE
2843,625,632,2,FALSE
2844,675,654,3,FALSE
2845,609,615,2,FALSE
2846,608,615,0,TRUE
2847,612,632,2,FALSE
2848,633,642,3,FALSE
2849,611,608,0,TRUE
2850,604,583,2,FALSE
2851,604,600,3,FALSE
2852,652,640,4,FALSE
2853,624,612,3,FALSE
2854,596,602,4,FALSE
2855,583,587,2,FALSE
2856,582,579,3,FALSE
2857,599,586,2,FALSE
2858,628,640,4,FALSE
2859,621,623,2,FALSE
2860,595,603,3,FALSE
2861,587,580,2,FALSE
2862,611,613,3,FALSE
2863,639,600,3,FALSE
2864,602,617,2,FALSE
2865,573,579,4,FALSE
2866,621,623,3,FALSE
2867,593,600,2,FALSE
2868,608,612,4,FALSE
2869,639,603,3,FALSE
2870,612,599,4,FALSE
2871,611,619,1,FALSE
2872,615,612,4,FALSE
2873,639,598,4,FALSE
2874,601,593,4,FALSE
2875,600,588,2,FALSE
2876,643,652,4,FALSE
2877,591,597,4,FALSE
2878,619,616,3,FALSE
2879,618,602,3,FALSE
2880,614,620,1,FALSE
2881,624,629,4,FALSE
2882,587,599,1,FALSE
2883,602,614,4,FALSE
2884,604,605,3,FALSE
2885,620,634,0,TRUE
2886,613,607,3,FALSE
2887,599,585,3,FALSE
2888,606,588,1,FALSE
2889,622,636,4,FALSE
2890,586,596,3,FALSE
2891,626,627,4,FALSE
2892,612,614,4,FALSE
2893,606,617,4,FALSE
2894,616,624,4,FALSE
2895,595,601,2,FALSE
2896,641,654,4,FALSE
2897,622,621,3,FALSE
2898,633,611,3,FALSE
2899,606,616,4,FALSE
2900,590,597,3,FALSE
2901,602,597,3,FALSE
2902,606,609,3,FALSE
2903,617,615,1,FALSE
2904,541,570,0,FALSE
2905,601,592,3,FALSE
2906,612,617,3,FALSE
2907,615,601,1,FALSE
2908,634,633,4,FALSE
2909,641,615,4,FALSE
2910,621,620,2,FALSE
2911,602,605,3,FALSE
2912,602,599,3,FALSE
2913,613,599,1,FALSE
2914,606,619,4,FALSE
2915,590,596,1,FALSE
2916,626,621,4,FALSE
2917,588,592,4,FALSE
2918,628,627,4,FALSE
2919,577,595,4,FALSE
2920,605,606,4,FALSE
2921,609,586,1,FALSE
2922,581,576,0,TRUE
2923,617,611,1,FALSE
2924,648,651,2,FALSE
2925,600,616,3,FALSE
2926,606,624,4,FALSE
2927,586,587,3,FALSE
2928,582,577,4,FALSE
2929,613,596,1,FALSE
2930,588,583,0,FALSE
2931,610,620,4,FALSE
2932,583,570,0,FALSE
2933,609,608,0,TRUE
2934,617,637,4,FALSE
2935,625,615,4,FALSE
2936,606,614,3,FALSE
2937,567,581,2,FALSE
2938,608,591,3,FALSE
2939,604,596,3,FALSE
2940,618,612,0,TRUE
2941,603,604,4,FALSE
2942,639,650,3,FALSE
2943,602,597,3,FALSE
2944,621,611,4,FALSE
2945,599,586,2,FALSE
2946,589,594,2,FALSE
2947,604,602,4,FALSE
2948,608,613,2,FALSE
2949,587,587,2,FALSE
2950,569,567,1,FALSE
2951,606,601,2,FALSE
2952,604,606,4,FALSE
2953,600,584,1,FALSE
2954,635,642,3,FALSE
2955,594,597,2,FALSE
2956,591,589,4,FALSE
2957,607,591,2,FALSE
2958,613,631,4,FALSE
2959,608,610,2,FALSE
2960,577,581,1,TRUE
2961,584,571,0,FALSE
2962,606,601,3,FALSE
2963,583,586,3,FALSE
2964,612,601,1,FALSE
2965,612,609,1,FALSE
2966,587,595,4,FALSE
2967,615,605,1,TRUE
2968,603,607,4,FALSE
2969,593,589,3,FALSE
2970,593,583,2,FALSE
2971,606,602,3,FALSE
2972,614,618,4,FALSE
2973,596,606,3,FALSE
2974,602,607,3,FALSE
2975,621,612,1,FALSE
2976,611,606,1,FALSE
2977,624,625,2,FALSE
2978,634,637,3,FALSE
2979,637,630,4,FALSE
2980,606,621,3,FALSE
2981,616,619,4,FALSE
2982,637,627,2,FALSE
2983,595,599,1,FALSE
2984,606,604,3,FALSE
2985,597,609,4,FALSE
2986,630,615,3,FALSE
2987,635,655,4,FALSE
2988,610,591,2,FALSE
2989,607,616,1,TRUE
2990,569,574,1,FALSE
2991,608,607,0,TRUE
2992,609,616,1,TRUE
2993,610,604,4,FALSE
2994,573,579,1,FALSE
2995,633,617,2,FALSE
2996,640,664,4,FALSE
2997,624,612,0,TRUE
2998,606,616,3,FALSE
2999,591,585,4,FALSE
3000,635,638,3,FALSE
3001,562,581,0,TRUE
3002,620,617,0,FALSE
3003,621,623,3,FALSE
3004,599,612,4,FALSE
3005,630,626,1,TRUE
3006,651,669,4,FALSE
3007,595,604,2,FALSE
3008,613,599,3,FALSE
3009,596,589,4,FALSE
3010,606,608,3,FALSE
3011,614,615,3,FALSE
3012,608,602,1,FALSE
3013,602,621,3,FALSE
3014,657,622,1,FALSE
3015,603,602,1,FALSE
3016,602,596,0,TRUE
3017,628,648,4,FALSE
3018,606,605,1,TRUE
3019,593,582,0,TRUE
3020,581,584,1,FALSE
3021,587,581,4,FALSE
3022,651,658,3,FALSE
3023,590,584,4,FALSE
3024,608,612,1,FALSE
3025,597,597,3,FALSE
3026,602,612,1,FALSE
3027,614,606,2,FALSE
3028,606,620,3,FALSE
3029,593,598,4,FALSE
3030,590,599,3,FALSE
3031,592,603,3,FALSE
3032,620,627,4,FALSE
3033,613,609,1,FALSE
3034,612,606,4,FALSE
3035,503,563,0,TRUE
3036,666,639,4,FALSE
3037,595,589,2,FALSE
3038,602,616,4,FALSE
3039,635,621,1,TRUE
3040,602,605,4,FALSE
3041,632,638,4,FALSE
3042,621,606,3,FALSE
3043,607,616,1,TRUE
3044,637,652,2,FALSE
3045,639,626,4,FALSE
3046,617,629,1,FALSE
3047,611,608,1,FALSE
3048,636,637,4,FALSE
3049,619,638,4,FALSE
3050,613,620,0,TRUE
3051,634,623,3,FALSE
3052,618,614,3,FALSE
3053,579,584,0,TRUE
3054,586,590,4,FALSE
3055,614,622,4,FALSE
3056,636,649,3,FALSE
3057,549,569,0,TRUE
3058,602,607,3,FALSE
3059,612,603,3,FALSE
3060,621,628,4,FALSE
3061,645,646,3,FALSE
3062,601,596,3,FALSE
3063,621,610,2,FALSE
3064,587,588,4,FALSE
3065,618,621,3,FALSE
3066,585,578,4,FALSE
3067,593,592,3,FALSE
3068,597,605,4,FALSE
3069,586,575,0,TRUE
3070,577,578,2,FALSE
3071,519,564,0,TRUE
3072,583,586,3,FALSE
3073,627,611,2,FALSE
3074,615,620,3,FALSE
3075,590,580,1,FALSE
3076,609,620,3,FALSE
3077,586,589,2,FALSE
3078,566,577,3,FALSE
3079,621,643,3,FALSE
3080,628,644,1,FALSE
3081,675,645,4,FALSE
3082,599,578,2,FALSE
3083,613,604,3,FALSE
3084,602,611,2,FALSE
3085,652,635,2,FALSE
3086,592,584,1,FALSE
3087,632,629,2,FALSE
3088,633,617,4,FALSE
3089,602,597,1,FALSE
3090,616,618,4,FALSE
3091,609,618,3,FALSE
3092,617,621,4,FALSE
3093,590,590,2,FALSE
3094,604,612,4,FALSE
3095,555,573,0,FALSE
3096,603,588,0,TRUE
3097,584,577,3,FALSE
3098,602,596,4,FALSE
3099,618,614,1,FALSE
3100,587,596,1,FALSE
3101,634,635,4,FALSE
3102,611,633,4,FALSE
3103,601,587,3,FALSE
3104,604,620,0,TRUE
3105,614,606,1,TRUE
3106,584,587,4,FALSE
3107,602,606,2,FALSE
3108,632,629,2,FALSE
3109,593,582,3,FALSE
3110,598,600,4,FALSE
3111,591,586,4,FALSE
3112,591,585,2,FALSE
3113,624,617,4,FALSE
3114,590,573,1,FALSE
3115,606,606,4,FALSE
3116,609,603,4,FALSE
3117,591,586,4,FALSE
3118,569,570,3,FALSE
3119,616,634,1,FALSE
3120,645,650,3,FALSE
3121,588,592,0,TRUE
3122,587,590,1,FALSE
3123,606,586,1,FALSE
3124,623,619,4,FALSE
3125,610,585,0,TRUE
3126,602,607,2,FALSE
3127,619,635,4,FALSE
3128,583,570,1,FALSE
3129,603,590,1,FALSE
3130,579,584,1,FALSE
3131,657,670,3,FALSE
3132,610,589,4,FALSE
3133,606,590,3,FALSE
3134,609,602,3,FALSE
3135,599,607,4,FALSE
3136,606,614,2,FALSE
3137,624,625,4,FALSE
3138,611,597,1,FALSE
3139,617,619,4,FALSE
3140,669,662,1,FALSE
3141,582,580,0,TRUE
3142,666,651,3,FALSE
3143,618,632,4,FALSE
3144,587,585,3,FALSE
3145,632,659,3,FALSE
3146,621,612,4,FALSE
3147,597,593,3,FALSE
3148,631,623,1,FALSE
3149,594,595,1,FALSE
3150,619,650,4,FALSE
3151,578,573,4,FALSE
3152,614,601,2,FALSE
3153,609,590,4,FALSE
3154,613,630,3,FALSE
3155,609,590,2,FALSE
3156,655,663,4,FALSE
3157,580,590,4,FALSE
3158,604,592,1,FALSE
3159,591,614,4,FALSE
3160,634,615,4,FALSE
3161,612,606,4,FALSE
3162,618,628,4,FALSE
3163,631,628,2,FALSE
3164,606,609,2,FALSE
3165,642,630,3,FALSE
3166,606,603,3,FALSE
3167,604,601,2,FALSE
3168,647,657,4,FALSE
3169,608,608,2,FALSE
3170,630,622,2,FALSE
3171,610,619,2,FALSE
3172,569,570,4,FALSE
3173,595,605,4,FALSE
3174,593,588,0,FALSE
3175,653,646,2,FALSE
3176,608,585,3,FALSE
3177,593,584,4,FALSE
3178,611,624,3,FALSE
3179,641,668,3,FALSE
3180,615,623,4,FALSE
3181,592,591,0,TRUE
3182,582,573,2,FALSE
3183,599,586,4,FALSE
3184,600,602,2,FALSE
3185,617,610,3,FALSE
3186,604,614,1,FALSE
3187,591,597,3,FALSE
3188,621,608,4,FALSE
3189,630,627,4,FALSE
3190,582,575,4,FALSE
3191,591,582,2,FALSE
3192,612,612,4,FALSE
3193,615,616,4,FALSE
3194,675,651,3,FALSE
3195,606,612,3,FALSE
3196,590,586,1,FALSE
3197,639,626,4,FALSE
3198,579,577,1,TRUE
3199,617,607,2,FALSE
3200,628,630,0,TRUE
3201,617,620,4,FALSE
3202,634,631,2,FALSE
3203,624,626,2,FALSE
3204,604,593,0,TRUE
3205,619,616,3,FALSE
3206,528,563,0,TRUE
3207,590,588,3,FALSE
3208,632,627,3,FALSE
3209,632,628,4,FALSE
3210,608,616,2,FALSE
3211,627,636,3,FALSE
3212,652,647,3,FALSE
3213,613,604,2,FALSE
3214,621,613,2,FALSE
3215,599,617,3,FALSE
3216,627,616,1,FALSE
3217,614,604,3,FALSE
3218,598,603,2,FALSE
3219,561,573,4,FALSE
3220,613,595,2,FALSE
3221,647,647,2,FALSE
3222,647,638,4,FALSE
3223,577,579,3,FALSE
3224,618,617,2,FALSE
3225,584,593,0,TRUE
3226,589,583,2,FALSE
3227,626,626,1,FALSE
3228,652,631,4,FALSE
3229,604,604,3,FALSE
3230,614,604,4,FALSE
3231,601,597,1,FALSE
3232,593,585,1,FALSE
3233,598,588,4,FALSE
3234,595,586,2,FALSE
3235,584,577,3,FALSE
3236,617,613,1,FALSE
3237,574,570,0,TRUE
3238,611,609,3,FALSE
3239,587,583,1,FALSE
3240,578,579,1,FALSE
3241,621,623,3,FALSE
3242,627,638,4,FALSE
3243,623,642,3,FALSE
3244,613,621,4,FALSE
3245,592,577,1,TRUE
3246,613,624,4,FALSE
3247,532,565,2,FALSE
3248,594,599,3,FALSE
3249,565,570,3,FALSE
3250,625,626,3,FALSE
3251,651,653,3,FALSE
3252,613,603,0,TRUE
3253,624,639,3,FALSE
3254,606,610,4,FALSE
3255,634,629,1,FALSE
3256,653,644,1,FALSE
3257,602,598,4,FALSE
3258,564,576,4,FALSE
3259,600,590,3,FALSE
3260,619,634,4,FALSE
3261,617,620,1,FALSE
3262,608,615,1,FALSE
3263,613,608,0,FALSE
3264,595,575,4,FALSE
3265,596,576,3,FALSE
3266,621,614,1,FALSE
3267,600,590,0,TRUE
3268,610,617,3,FALSE
3269,553,568,0,TRUE
3270,630,619,3,FALSE
3271,609,608,2,FALSE
3272,606,613,2,FALSE
3273,583,594,2,FALSE
3274,583,585,1,FALSE
3275,624,624,2,FALSE
3276,582,580,2,FALSE
3277,591,597,3,FALSE
3278,651,658,4,FALSE
3279,621,606,4,FALSE
3280,588,586,2,FALSE
3281,562,569,2,FALSE
3282,612,614,1,FALSE
3283,577,569,3,FALSE
3284,571,573,0,FALSE
3285,565,575,4,FALSE
3286,606,582,4,FALSE
3287,537,565,0,FALSE
3288,617,608,4,FALSE
3289,587,576,1,FALSE
3290,614,634,4,FALSE
3291,527,564,4,FALSE
3292,610,604,4,FALSE
3293,606,590,0,FALSE
3294,588,590,3,FALSE
3295,602,612,1,FALSE
3296,606,592,3,FALSE
3297,596,602,4,FALSE
3298,593,603,2,FALSE
3299,598,592,4,FALSE
3300,583,588,0,FALSE
3301,625,638,2,FALSE
3302,602,601,1,TRUE
3303,594,596,4,FALSE
3304,539,563,1,FALSE
3305,596,592,3,FALSE
3306,622,622,3,FALSE
3307,559,568,4,FALSE
3308,565,566,0,TRUE
3309,602,605,2,FALSE
3310,602,583,4,FALSE
3311,564,577,3,FALSE
3312,593,584,2,FALSE
3313,613,607,4,FALSE
3314,608,616,3,FALSE
3315,573,580,2,FALSE
3316,606,616,4,FALSE
3317,602,608,4,FALSE
3318,593,589,0,TRUE
3319,624,613,3,FALSE
3320,577,574,1,FALSE
3321,602,607,4,FALSE
3322,656,637,3,FALSE
3323,620,619,2,FALSE
3324,559,577,1,FALSE
3325,586,578,4,FALSE
3326,632,614,3,FALSE
3327,593,588,0,TRUE
3328,606,619,4,FALSE
3329,640,652,4,FALSE
3330,620,620,0,FALSE
3331,635,651,4,FALSE
3332,624,619,3,FALSE
3333,645,631,1,FALSE
3334,574,575,3,FALSE
3335,613,625,2,FALSE
3336,608,607,1,FALSE
3337,618,612,3,FALSE
3338,593,592,4,FALSE
3339,608,592,4,FALSE
3340,606,611,1,FALSE
3341,610,615,2,FALSE
3342,602,594,3,FALSE
3343,624,617,4,FALSE
3344,602,609,0,TRUE
3345,597,596,4,FALSE
3346,603,605,4,FALSE
3347,609,619,4,FALSE
3348,598,605,4,FALSE
3349,622,624,4,FALSE
3350,612,600,4,FALSE
3351,603,607,1,FALSE
3352,613,626,1,FALSE
3353,637,631,1,TRUE
3354,586,590,1,FALSE
3355,602,594,4,FALSE
3356,582,578,4,FALSE
3357,606,608,0,TRUE
3358,582,578,4,FALSE
3359,609,602,3,FALSE
3360,655,652,4,FALSE
3361,568,584,4,FALSE
3362,613,600,2,FALSE
3363,591,606,2,FALSE
3364,602,605,3,FALSE
3365,617,623,4,FALSE
3366,620,632,4,FALSE
3367,608,594,4,FALSE
3368,626,621,4,FALSE
3369,604,595,2,FALSE
3370,604,622,0,TRUE
3371,626,613,4,FALSE
3372,635,621,1,TRUE
3373,615,619,3,FALSE
3374,606,600,4,FALSE
3375,553,571,2,FALSE
3376,644,660,2,FALSE
3377,614,609,4,FALSE
3378,602,587,3,FALSE
3379,634,626,4,FALSE
3380,654,660,0,FALSE
3381,591,586,3,FALSE
3382,617,611,3,FALSE
3383,589,579,0,TRUE
3384,621,619,2,FALSE
3385,584,580,2,FALSE
3386,600,598,2,FALSE
3387,640,662,4,FALSE
3388,583,575,1,FALSE
3389,593,588,1,FALSE
3390,654,624,3,FALSE
3391,634,623,3,FALSE
3392,627,628,2,FALSE
3393,608,614,4,FALSE
3394,594,594,4,FALSE
3395,610,609,2,FALSE
3396,623,620,2,FALSE
3397,606,601,4,FALSE
3398,635,628,3,FALSE
3399,607,616,1,TRUE
3400,591,589,3,FALSE
3401,596,597,4,FALSE
3402,645,643,4,FALSE
3403,612,614,4,FALSE
3404,606,606,3,FALSE
3405,621,621,1,FALSE
3406,606,603,3,FALSE
3407,593,591,3,FALSE
3408,613,594,3,FALSE
3409,617,625,3,FALSE
3410,585,580,1,FALSE
3411,602,607,4,FALSE
3412,608,614,4,FALSE
3413,601,589,1,FALSE
3414,606,619,1,FALSE
3415,595,604,4,FALSE
3416,619,618,0,FALSE
3417,606,598,3,FALSE
3418,606,617,4,FALSE
3419,617,613,2,FALSE
3420,641,621,3,FALSE
3421,606,617,3,FALSE
3422,617,605,4,FALSE
3423,608,614,3,FALSE
3424,628,630,4,FALSE
3425,617,628,3,FALSE
3426,597,594,1,TRUE
3427,621,619,3,FALSE
3428,586,590,4,FALSE
3429,606,619,0,TRUE
3430,589,592,2,FALSE
3431,593,588,1,FALSE
3432,617,628,4,FALSE
3433,602,607,2,FALSE
3434,600,602,4,FALSE
3435,621,634,3,FALSE
3436,600,590,3,FALSE
3437,612,607,4,FALSE
3438,631,624,4,FALSE
3439,590,596,4,FALSE
3440,608,614,3,FALSE
3441,606,611,3,FALSE
3442,606,603,4,FALSE
3443,603,590,1,FALSE
3444,595,581,2,FALSE
3445,621,622,3,FALSE
3446,641,653,2,FALSE
3447,606,604,2,FALSE
3448,577,576,3,FALSE
3449,631,656,3,FALSE
3450,602,614,1,FALSE
3451,608,614,3,FALSE
3452,661,647,3,FALSE
3453,607,607,3,FALSE
3454,611,626,4,FALSE
3455,606,607,3,FALSE
3456,664,641,4,FALSE
3457,592,594,3,FALSE
3458,612,614,4,FALSE
3459,656,669,2,FALSE
3460,611,590,4,FALSE
3461,654,646,4,FALSE
3462,616,607,3,FALSE
3463,577,586,0,TRUE
3464,606,615,2,FALSE
3465,613,604,2,FALSE
3466,579,573,4,FALSE
3467,610,584,0,TRUE
3468,596,588,4,FALSE
3469,573,574,4,FALSE
3470,588,599,0,FALSE
3471,597,596,2,FALSE
3472,598,605,3,FALSE
3473,634,620,4,FALSE
3474,589,601,4,FALSE
3475,597,600,1,FALSE
3476,577,571,1,FALSE
3477,586,591,1,FALSE
3478,600,605,4,FALSE
3479,585,581,1,FALSE
3480,586,587,3,FALSE
3481,606,586,3,FALSE
3482,653,634,4,FALSE
3483,615,626,3,FALSE
3484,600,612,4,FALSE
3485,597,587,0,TRUE
3486,614,607,3,FALSE
3487,602,613,3,FALSE
3488,606,590,2,FALSE
3489,576,583,0,TRUE
3490,639,664,1,TRUE
3491,557,569,4,FALSE
3492,634,620,2,FALSE
3493,611,593,0,TRUE
3494,627,625,3,FALSE
3495,614,610,2,FALSE
3496,585,581,2,FALSE
3497,630,617,4,FALSE
3498,586,593,2,FALSE
3499,597,599,4,FALSE
3500,612,612,3,FALSE
3501,614,609,3,FALSE
3502,602,599,1,FALSE
3503,617,601,2,FALSE
3504,606,611,1,FALSE
3505,652,647,3,FALSE
3506,603,581,3,FALSE
3507,617,619,3,FALSE
3508,593,590,0,TRUE
3509,609,622,3,FALSE
3510,606,588,1,FALSE
3511,621,616,1,FALSE
3512,617,609,2,FALSE
3513,612,609,3,FALSE
3514,597,598,2,FALSE
3515,608,604,4,FALSE
3516,606,623,4,FALSE
3517,652,647,3,FALSE
3518,603,593,3,FALSE
3519,624,628,3,FALSE
3520,608,624,0,FALSE
3521,600,603,3,FALSE
3522,582,578,4,FALSE
3523,606,611,0,TRUE
3524,636,608,4,FALSE
3525,606,623,4,FALSE
3526,634,618,4,FALSE
3527,600,601,1,FALSE
3528,610,626,3,FALSE
3529,615,610,3,FALSE
3530,615,618,3,FALSE
3531,619,638,4,FALSE
3532,617,617,3,FALSE
3533,621,630,4,FALSE
3534,610,630,4,FALSE
3535,617,625,4,FALSE
3536,606,616,4,FALSE
3537,602,612,1,FALSE
3538,591,585,4,FALSE
3539,606,620,2,FALSE
3540,583,584,0,FALSE
3541,602,613,4,FALSE
3542,634,627,4,FALSE
3543,574,576,2,FALSE
3544,608,624,3,FALSE
3545,602,614,4,FALSE
3546,617,621,4,FALSE
3547,602,603,0,TRUE
3548,570,566,3,FALSE
3549,635,619,4,FALSE
3550,643,627,4,FALSE
3551,606,620,3,FALSE
3552,571,570,0,TRUE
3553,596,602,2,FALSE
3554,627,616,4,FALSE
3555,653,636,4,FALSE
3556,585,585,4,FALSE
3557,578,576,4,FALSE
3558,602,607,2,FALSE
3559,609,609,3,FALSE
3560,596,598,2,FALSE
3561,613,608,3,FALSE
3562,637,631,1,FALSE
3563,602,604,3,FALSE
3564,606,577,4,FALSE
3565,593,600,3,FALSE
3566,564,566,4,FALSE
3567,615,613,4,FALSE
3568,585,580,1,FALSE
3569,612,615,4,FALSE
3570,586,591,3,FALSE
3571,596,585,3,FALSE
3572,597,595,4,FALSE
3573,563,573,0,TRUE
3574,603,604,3,FALSE
3575,583,586,2,FALSE
3576,584,574,3,FALSE
3577,617,621,2,FALSE
3578,603,588,4,FALSE
3579,602,592,0,FALSE
3580,584,595,3,FALSE
3581,597,606,1,FALSE
3582,589,577,3,FALSE
3583,608,614,1,FALSE
3584,624,627,0,TRUE
3585,587,608,3,FALSE
3586,606,620,1,FALSE
3587,645,642,4,FALSE
3588,635,638,3,FALSE
3589,636,611,1,TRUE
3590,634,620,0,FALSE
3591,583,587,1,FALSE
3592,590,572,3,FALSE
3593,602,595,3,FALSE
3594,601,610,3,FALSE
3595,606,606,1,FALSE
3596,618,614,3,FALSE
3597,606,581,2,FALSE
3598,610,594,3,FALSE
3599,666,651,3,FALSE
3600,557,581,4,FALSE
3601,591,592,4,FALSE
3602,603,593,4,FALSE
3603,632,627,4,FALSE
3604,609,613,3,FALSE
3605,624,619,1,TRUE
3606,596,596,3,FALSE
3607,595,592,3,FALSE
3608,594,592,3,FALSE
3609,581,584,1,FALSE
3610,597,593,3,FALSE
3611,607,599,4,FALSE
3612,634,648,4,FALSE
3613,586,576,1,TRUE
3614,635,639,4,FALSE
3615,602,606,3,FALSE
3616,591,594,2,FALSE
3617,612,596,3,FALSE
3618,606,608,3,FALSE
3619,593,575,3,FALSE
3620,617,632,4,FALSE
3621,589,586,1,TRUE
3622,618,618,0,TRUE
3623,577,580,1,TRUE
3624,606,615,2,FALSE
3625,615,598,3,FALSE
3626,631,639,3,FALSE
3627,604,636,2,FALSE
3628,617,622,3,FALSE
3629,606,619,4,FALSE
3630,617,620,1,FALSE
3631,610,609,3,FALSE
3632,589,592,3,FALSE
3633,584,584,1,FALSE
3634,587,591,3,FALSE
3635,582,579,3,FALSE
3636,584,584,3,FALSE
3637,614,613,3,FALSE
3638,593,589,3,FALSE
3639,607,601,0,TRUE
3640,565,570,2,FALSE
3641,593,590,1,TRUE
3642,647,632,0,FALSE
3643,592,594,1,FALSE
3644,565,566,0,TRUE
3645,633,616,4,FALSE
3646,595,583,3,FALSE
3647,615,606,3,FALSE
3648,621,630,3,FALSE
3649,606,605,1,FALSE
3650,592,607,2,FALSE
3651,574,569,1,FALSE
3652,602,600,4,FALSE
3653,622,622,3,FALSE
3654,586,588,0,TRUE
3655,551,570,4,FALSE
3656,606,582,4,FALSE
3657,587,588,4,FALSE
3658,623,617,2,FALSE
3659,618,636,3,FALSE
3660,640,652,4,FALSE
3661,669,687,4,FALSE
3662,619,616,2,FALSE
3663,608,614,3,FALSE
3664,615,608,3,FALSE
3665,598,606,2,FALSE
3666,600,610,2,FALSE
3667,599,578,3,FALSE
3668,601,597,1,FALSE
3669,630,621,3,FALSE
3670,631,642,2,FALSE
3671,630,607,2,FALSE
3672,587,591,0,TRUE
3673,604,592,3,FALSE
3674,601,607,4,FALSE
3675,597,592,3,FALSE
3676,589,596,0,TRUE
3677,608,605,2,FALSE
3678,614,626,3,FALSE
3679,617,611,4,FALSE
3680,626,636,3,FALSE
3681,596,591,0,TRUE
3682,602,597,1,FALSE
3683,629,619,2,FALSE
3684,568,571,3,FALSE
3685,634,637,4,FALSE
3686,615,610,3,FALSE
3687,617,627,3,FALSE
3688,584,578,2,FALSE
3689,604,601,1,FALSE
3690,606,607,4,FALSE
3691,632,627,4,FALSE
3692,582,585,4,FALSE
3693,671,667,4,FALSE
3694,593,588,1,FALSE
3695,588,587,1,TRUE
3696,601,618,3,FALSE
3697,602,623,1,FALSE
3698,613,603,0,FALSE
3699,606,619,3,FALSE
3700,605,606,2,FALSE
3701,601,609,3,FALSE
3702,597,598,4,FALSE
3703,606,622,4,FALSE
3704,631,645,4,FALSE
3705,592,580,2,FALSE
3706,617,619,4,FALSE
3707,616,624,2,FALSE
3708,596,593,3,FALSE
3709,608,623,2,FALSE
3710,634,653,4,FALSE
3711,611,617,2,FALSE
3712,587,583,2,FALSE
3713,598,600,1,TRUE
3714,583,585,3,FALSE
3715,617,629,4,FALSE
3716,610,618,2,FALSE
3717,602,578,3,FALSE
3718,598,613,4,FALSE
3719,618,610,4,FALSE
3720,620,626,4,FALSE
3721,583,586,0,TRUE
3722,615,594,4,FALSE
3723,606,600,2,FALSE
3724,637,629,2,FALSE
3725,606,595,2,FALSE
3726,609,608,4,FALSE
3727,602,603,1,FALSE
3728,606,592,4,FALSE
3729,600,613,4,FALSE
3730,631,628,4,FALSE
3731,578,579,2,FALSE
3732,612,608,4,FALSE
3733,640,656,4,FALSE
3734,585,578,1,FALSE
3735,579,569,3,FALSE
3736,606,605,2,FALSE
3737,612,605,1,TRUE
3738,606,613,4,FALSE
3739,610,606,3,FALSE
3740,592,584,1,FALSE
3741,600,605,4,FALSE
3742,609,608,0,FALSE
3743,621,619,4,FALSE
3744,615,616,4,FALSE
3745,608,600,3,FALSE
3746,621,617,4,FALSE
3747,591,587,2,FALSE
3748,542,566,1,TRUE
3749,613,620,0,TRUE
3750,606,618,3,FALSE
3751,621,607,3,FALSE
3752,581,582,3,FALSE
3753,634,625,3,FALSE
3754,586,592,3,FALSE
3755,615,597,3,FALSE
3756,602,621,4,FALSE
3757,615,627,3,FALSE
3758,570,574,4,FALSE
3759,636,611,1,FALSE
3760,641,657,4,FALSE
3761,606,612,4,FALSE
3762,611,624,4,FALSE
3763,597,597,1,FALSE
3764,661,653,1,FALSE
3765,608,607,0,FALSE
3766,662,661,2,FALSE
3767,606,610,4,FALSE
3768,606,620,3,FALSE
3769,606,608,2,FALSE
3770,612,615,4,FALSE
3771,587,577,1,FALSE
3772,615,609,2,FALSE
3773,655,642,3,FALSE
3774,592,608,4,FALSE
3775,598,609,1,TRUE
3776,614,608,1,FALSE
3777,606,582,3,FALSE
3778,597,596,4,FALSE
3779,617,612,3,FALSE
3780,586,594,3,FALSE
3781,600,612,3,FALSE
3782,626,618,3,FALSE
3783,602,606,1,FALSE
3784,613,601,4,FALSE
3785,617,617,4,FALSE
3786,637,639,4,FALSE
3787,614,605,3,FALSE
3788,593,600,3,FALSE
3789,560,589,3,FALSE
3790,528,563,0,TRUE
3791,631,625,2,FALSE
3792,617,614,3,FALSE
3793,608,609,3,FALSE
3794,604,604,0,TRUE
3795,639,648,4,FALSE
3796,611,612,3,FALSE
3797,602,584,0,TRUE
3798,599,606,3,FALSE
3799,606,614,3,FALSE
3800,621,611,4,FALSE
3801,621,606,1,FALSE
3802,602,614,4,FALSE
3803,606,638,1,FALSE
3804,595,594,0,TRUE
3805,610,613,3,FALSE
3806,619,608,4,FALSE
3807,611,623,3,FALSE
3808,608,601,4,FALSE
3809,578,576,1,FALSE
3810,597,591,3,FALSE
3811,607,601,1,FALSE
3812,657,649,2,FALSE
3813,610,624,3,FALSE
3814,610,619,4,FALSE
3815,590,577,1,FALSE
3816,606,578,2,FALSE
3817,590,571,2,FALSE
3818,628,616,3,FALSE
3819,615,619,0,TRUE
3820,615,598,4,FALSE
3821,602,585,3,FALSE
3822,588,587,2,FALSE
3823,619,620,3,FALSE
3824,609,597,2,FALSE
3825,593,589,3,FALSE
3826,603,593,3,FALSE
3827,604,588,4,FALSE
3828,583,592,3,FALSE
3829,595,594,0,TRUE
3830,621,627,4,FALSE
3831,632,631,4,FALSE
3832,600,602,1,FALSE
3833,608,620,3,FALSE
3834,614,610,3,FALSE
3835,591,577,4,FALSE
3836,600,594,0,FALSE
3837,621,620,2,FALSE
3838,627,650,4,FALSE
3839,628,644,1,FALSE
3840,627,608,4,FALSE
3841,602,593,1,FALSE
3842,671,663,4,FALSE
3843,587,578,1,FALSE
3844,586,591,4,FALSE
3845,615,613,3,FALSE
3846,624,629,3,FALSE
3847,628,665,4,FALSE
3848,597,596,2,FALSE
3849,637,627,4,FALSE
3850,634,635,4,FALSE
3851,613,612,0,FALSE
3852,585,580,3,FALSE
3853,634,648,3,FALSE
3854,602,600,4,FALSE
3855,661,653,1,FALSE
3856,576,583,4,FALSE
3857,566,570,4,FALSE
3858,621,608,4,FALSE
3859,635,637,3,FALSE
3860,606,604,4,FALSE
3861,557,569,4,FALSE
3862,602,605,1,FALSE
3863,602,629,3,FALSE
3864,624,606,2,FALSE
3865,610,611,4,FALSE
3866,587,586,4,FALSE
3867,604,588,0,TRUE
3868,641,654,4,FALSE
3869,593,595,4,FALSE
3870,637,640,3,FALSE
3871,621,612,1,FALSE
3872,578,571,3,FALSE
3873,623,603,4,FALSE
3874,614,609,4,FALSE
3875,621,648,4,FALSE
3876,597,580,0,FALSE
3877,591,597,0,TRUE
3878,614,616,3,FALSE
3879,597,595,3,FALSE
3880,599,584,2,FALSE
3881,609,616,3,FALSE
3882,590,585,3,FALSE
3883,639,643,3,FALSE
3884,610,591,2,FALSE
3885,639,601,4,FALSE
3886,621,627,3,FALSE
3887,602,615,2,FALSE
3888,601,577,1,FALSE
3889,606,617,1,FALSE
3890,606,598,3,FALSE
3891,606,581,0,TRUE
3892,585,578,4,FALSE
3893,604,602,4,FALSE
3894,604,607,2,FALSE
3895,613,599,3,FALSE
3896,649,645,3,FALSE
3897,584,584,3,FALSE
3898,615,596,4,FALSE
3899,581,587,3,FALSE
3900,599,598,1,FALSE
3901,602,593,0,TRUE
3902,613,655,3,FALSE
3903,594,582,2,FALSE
3904,608,615,1,FALSE
3905,593,582,2,FALSE
3906,611,621,4,FALSE
3907,618,609,4,FALSE
3908,615,629,2,FALSE
3909,581,585,0,FALSE
3910,612,612,4,FALSE
3911,643,654,3,FALSE
3912,592,597,4,FALSE
3913,596,600,1,FALSE
3914,614,604,3,FALSE
3915,596,603,3,FALSE
3916,587,577,1,FALSE
3917,622,602,1,TRUE
3918,597,591,3,FALSE
3919,612,606,4,FALSE
3920,597,606,4,FALSE
3921,641,602,0,TRUE
3922,610,605,4,FALSE
3923,613,592,2,FALSE
3924,627,626,3,FALSE
3925,597,595,4,FALSE
3926,593,593,2,FALSE
3927,606,587,2,FALSE
3928,599,587,3,FALSE
3929,589,596,4,FALSE
3930,612,612,4,FALSE
3931,602,606,4,FALSE
3932,646,640,3,FALSE
3933,609,607,4,FALSE
3934,608,584,2,FALSE
3935,653,646,2,FALSE
3936,610,601,0,FALSE
3937,602,607,2,FALSE
3938,655,644,3,FALSE
3939,577,580,3,FALSE
3940,596,595,2,FALSE
3941,637,669,3,FALSE
3942,604,585,4,FALSE
3943,608,603,2,FALSE
3944,597,595,1,FALSE
3945,576,579,4,FALSE
3946,611,610,4,FALSE
3947,598,605,4,FALSE
3948,617,591,4,FALSE
3949,599,585,0,TRUE
3950,606,605,2,FALSE
3951,653,635,3,FALSE
3952,590,595,3,FALSE
3953,606,617,3,FALSE
3954,562,576,4,FALSE
3955,639,630,2,FALSE
3956,590,597,2,FALSE
3957,608,596,3,FALSE
3958,597,597,0,TRUE
3959,617,625,4,FALSE
3960,653,638,3,FALSE
3961,643,622,0,TRUE
3962,606,607,2,FALSE
3963,612,620,4,FALSE
3964,571,570,3,FALSE
3965,608,614,1,FALSE
3966,567,578,2,FALSE
3967,627,629,2,FALSE
3968,622,616,2,FALSE
3969,595,584,3,FALSE
3970,598,586,3,FALSE
3971,593,588,2,FALSE
3972,597,605,3,FALSE
3973,609,614,4,FALSE
3974,617,625,4,FALSE
3975,614,600,2,FALSE
3976,604,583,3,FALSE
3977,608,601,4,FALSE
3978,621,623,3,FALSE
3979,637,640,3,FALSE
3980,602,613,4,FALSE
3981,602,613,3,FALSE
3982,598,600,3,FALSE
3983,597,602,3,FALSE
3984,555,564,1,FALSE
3985,583,591,0,TRUE
3986,617,602,3,FALSE
3987,567,573,3,FALSE
3988,646,658,3,FALSE
3989,562,576,4,FALSE
3990,624,631,3,FALSE
3991,583,587,2,FALSE
3992,617,613,2,FALSE
3993,613,600,3,FALSE
3994,651,633,4,FALSE
3995,653,643,4,FALSE
3996,607,607,3,FALSE
3997,599,585,4,FALSE
3998,606,606,2,FALSE
3999,612,618,4,FALSE
4000,617,615,4,FALSE
