Hour Index,Sessions
0,1418159421
1,1113769116
2,919158921
3,822352824
4,735526737
5,798400800
6,895206897
7,1246503249
8,1355285358
9,1836321840
10,2435122440
11,2925140931
12,3321347328
13,3266457273
14,3869249877
15,3772443780
16,3701585709
17,3653681661
18,3480029487
19,3783421791
20,3806375814
21,3212565219
22,3012965019
23,3007975014
24,2532926538
25,2117758122
26,1775443779
27,1396203399
28,1150695153
29,1159677162
30,1416163419
31,1772449776
32,2063866068
33,2357278362
34,2974042980
35,3846295854
36,3630727638
37,3298393305
38,3475039482
39,3413163420
40,3071847078
41,3003983010
42,3028933035
43,2388216393
44,3119751126
45,2833324839
46,2424144429
47,2579832585
48,2257478262
49,1890213894
50,1664665668
51,1275445278
52,1051893054
53,1044907047
54,1150695153
55,1500993504
56,1691611695
57,2081830086
58,2642706648
59,3680627688
60,3523941531
61,3053883060
62,3463063470
63,3274441281
64,3149691156
65,2983024989
66,3002985009
67,3152685159
68,2971048977
69,2636718642
70,2554882560
71,2395202400
72,2108776113
73,1759475763
74,1375245378
75,1006983009
76,929138931
77,855286857
78,1022951025
79,1300395303
80,1502989506
81,1868257872
82,2600790606
83,3160669167
84,3548891556
85,2954082960
86,3234521241
87,3254481261
88,2835320841
89,2915160921
90,2859272865
91,2764462770
92,2481030486
93,2287418292
94,2131730136
95,2000992005
96,1675643679
97,1322351325
98,1122751125
99,940116942
100,770456772
101,848300850
102,970056972
103,1341313344
104,1521951525
105,1985023989
106,2710570716
107,3103783110
108,3160669167
109,2809372815
110,3081827088
111,3011967018
112,2726538732
113,2556878562
114,2644702650
115,2429134434
116,2188616193
117,2143706148
118,2047898052
119,1860273864
120,1640713644
121,1290415293
122,1118759121
123,902192904
124,723550725
125,654688656
126,736524738
127,879238881
128,1045905048
129,1247501250
130,1425145428
131,1595803599
132,1661671665
133,1450095453
134,1531931535
135,1376243379
136,1338319341
137,1357281360
138,1390215393
139,1642709646
140,1622749626
141,1429137432
142,1340315343
143,1492011495
144,1313369316
145,990016992
146,914168916
147,851294853
148,683630685
149,692612694
150,756484758
151,940116942
152,1252491255
153,1351293354
154,1315365318
155,1481033484
156,1585823589
157,1515963519
158,1402191405
159,1380235383
160,1492011495
161,1618757622
162,1631731635
163,1732529736
164,1797399801
165,1712569716
166,1721551725
167,1650693654
168,1427141430
169,1185625188
170,1002991005
171,888220890
172,803390805
173,845306847
174,1154687157
175,1302391305
176,1569855573
177,1968057972
178,2751488757
179,3262465269
180,3543901551
181,3073843080
182,3430129437
183,3324341331
184,3082825089
185,3029931036
186,3197595204
187,3268453275
188,3111767118
189,2743504749
190,2649692655
191,2474044479
192,2188616193
193,1925143929
194,1600793604
195,1293409296
196,1083829086
197,1015965018
198,1233529236
199,1482031485
200,1698597702
201,1997998002
202,2763464769
203,3055879062
204,3246497253
205,2877236883
206,3333323340
207,3027935034
208,2694602700
209,2690610696
210,2870250876
211,3036917043
212,3011967018
213,2749492755
214,2774442780
215,2532926538
216,2132728137
217,1907179911
218,1655683659
219,1239517242
220,1058879061
221,1039917042
222,1198599201
223,1441113444
224,1600793604
225,1923147927
226,2750490756
227,3150689157
228,3373243380
229,2936118942
230,3261467268
231,2840310846
232,2608774614
233,2601788607
234,2598794604
235,2731528737
236,2868254874
237,2730530736
238,2626738632
239,2494004499
240,2201590206
241,1809375813
242,1590813594
243,1172651175
244,1017961020
245,938120940
246,1144707147
247,1386223389
248,1574845578
249,1923147927
250,2652686658
251,3367255374
252,3463063470
253,3002985009
254,3233523240
255,3358273365
256,3002985009
257,2852286858
258,2981028987
259,3121747128
260,2981028987
261,2708574714
262,2609772615
263,2537916543
264,2324344329
265,1971051975
266,1690613694
267,1249497252
268,1093809096
269,1020955023
270,1205585208
271,1471053474
272,1681631685
273,2045902050
274,2601788607
275,2799392805
276,3122745129
277,2688614694
278,2857276863
279,2743504749
280,2653684659
281,2533924539
282,2555880561
283,2543904549
284,2371250376
285,2240512245
286,2087818092
287,1974045978
288,1901191905
289,1582829586
290,1290415293
291,1025945028
292,868260870
293,725546727
294,722552724
295,776444778
296,974048976
297,1229537232
298,1476043479
299,1584825588
300,1716561720
301,1484027487
302,1439117442
303,1440115443
304,1467061470
305,1462071465
306,1515963519
307,1661671665
308,1624745628
309,1577839581
310,1542909546
311,1504985508
312,1323349326
313,1149697152
314,942112944
315,795406797
316,758480760
317,698600700
318,705586707
319,780436782
320,913170915
321,1160675163
322,1363269366
323,1567859571
324,1525943529
325,1476043479
326,1446103449
327,1435125438
328,1466063469
329,1591811595
330,1584825588
331,1719555723
332,1735523739
333,1759475763
334,1679635683
335,1329337332
336,1315365318
337,1215565218
338,1058879061
339,886224888
340,798400800
341,838320840
342,1034927037
343,1297401300
344,1465065468
345,1800393804
346,2610770616
347,3017955024
348,3158673165
349,2932126938
350,3330329337
351,3289411296
352,2943104949
353,2842306848
354,2953084959
355,3107775114
356,3133723140
357,2743504749
358,2501988507
359,2576838582
360,2250492255
361,1921151925
362,1646701650
363,1333329336
364,1059877062
365,1091813094
366,1237521240
367,1526941530
368,1718557722
369,2049894054
370,2702586708
371,3506975514
372,3340309347
373,2952086958
374,3356277363
375,3315359322
376,3015959022
377,3058873065
378,3165659172
379,3212565219
380,3178633185
381,2670650676
382,2706578712
383,2483026488
384,2262468267
385,1993007997
386,1618757622
387,1311373314
388,1057881060
389,1047901050
390,1212571215
391,1566861570
392,1738517742
393,2071850076
394,2553884559
395,3247495254
396,3547893555
397,2995001001
398,3343303350
399,3387215394
400,3035919042
401,2982026988
402,2990010996
403,3075839082
404,3076837083
405,2736518742
406,2619752625
407,2507976513
408,2290412295
409,1958077962
410,1578837582
411,1263469266
412,1086823089
413,983030985
414,1180635183
415,1456083459
416,1646701650
417,2004984009
418,2405182410
419,3130729137
420,3195599202
421,2854282860
422,3179631186
423,3126737133
424,2861268867
425,2828334834
426,2929132935
427,3233523240
428,3227535234
429,2960070966
430,2734522740
431,2598794604
432,2277438282
433,1810373814
434,1590813594
435,1289417292
436,1123749126
437,1071853074
438,1260475263
439,1520953524
440,1786421790
441,2145702150
442,2717556723
443,3206577213
444,3221547228
445,2880230886
446,3110769117
447,3034921041
448,2770450776
449,2686618692
450,2716558722
451,2850290856
452,2710570716
453,2464064469
454,2273446278
455,2240512245
456,1930133934
457,1579835583
458,1320355323
459,994008996
460,849298851
461,766464768
462,749498751
463,923150925
464,1160675163
465,1375245378
466,1557879561
467,1728537732
468,1850293854
469,1585823589
470,1611771615
471,1558877562
472,1497999501
473,1545903549
474,1511971515
475,1544905548
476,1598797602
477,1592809596
478,1538917542
479,1528937532
480,1360275363
481,1073849076
482,902192904
483,736524738
484,711574713
485,609778611
486,665666667
487,784428786
488,905186907
489,1067861070
490,1232531235
491,1492011495
492,1518957522
493,1370255373
494,1368259371
495,1575843579
496,1551891555
497,1574845578
498,1618757622
499,1740513744
500,1724545728
501,1744505748
502,1763467767
503,1687619691
504,1506981510
505,1257481260
506,1029937032
507,935126937
508,845306847
509,894208896
510,1106783109
511,1355285358
512,1588817592
513,1964065968
514,2520950526
515,3144701151
516,3306377313
517,2966058972
518,3373243380
519,3260469267
520,2894202900
521,2858274864
522,2895200901
523,2939112945
524,3024941031
525,2758474764
526,2617756623
527,2577836583
528,2161670166
529,1861271865
530,1539915543
531,1223549226
532,1017961020
533,985026987
534,1212571215
535,1403189406
536,1652689656
537,1910173914
538,2701588707
539,3212565219
540,3284421291
541,2946098952
542,3372245379
543,3212565219
544,3055879062
545,2902186908
546,3066857073
547,3189611196
548,3085819092
549,2855280861
550,2662666668
551,2546898552
552,2142708147
553,1928137932
554,1652689656
555,1239517242
556,1072851075
557,1088819091
558,1229537232
559,1491013494
560,1628737632
561,2065862070
562,2620750626
563,3073843080
564,3147695154
565,2948094954
566,3151687158
567,3170649177
568,2805380811
569,2764462770
570,2958074964
571,3002985009
572,2870250876
573,2756478762
574,2544902550
575,2437118442
576,2099794104
577,1846301850
578,1516961520
579,1244507247
580,1041913044
581,998001000
582,1148699151
583,1369257372
584,1649695653
585,1952089956
586,2378236383
587,2888214894
588,3030929037
589,2735520741
590,3079831086
591,3164661171
592,2914162920
593,2993004999
594,3039911046
595,3097795104
596,3036917043
597,2922146928
598,2803384809
599,2555880561
600,2177638182
601,1816361820
602,1562869566
603,1170655173
604,1041913044
605,1012971015
606,1174647177
607,1425145428
608,1676641680
609,1963067967
610,2595800601
611,3068853075
612,3174641181
613,2726538732
614,2970050976
615,2900190906
616,2608774614
617,2518954524
618,2644702650
619,2667656673
620,2502986508
621,2315362320
622,2224544229
623,2105782110
624,1857279861
625,1518957522
626,1280435283
627,978040980
628,811374813
629,706584708
630,692612694
631,846304848
632,1069857072
633,1171653174
634,1438119441
635,1672649676
636,1660673664
637,1467061470
638,1518957522
639,1420155423
640,1422151425
641,1450095453
642,1490015493
643,1628737632
644,1663667667
645,1539915543
646,1527939531
647,1549895553
648,1335325338
649,1084827087
650,825346827
651,769458771
652,572852574
653,633730635
654,691614693
655,821354823
656,939118941
657,1014967017
658,1266463269
659,1458079461
660,1528937532
661,1452091455
662,1409177412
663,1475045478
664,1510973514
665,1669655673
666,1758477762
667,1821351825
668,1768457772
669,1815363819
670,1718557722
671,1667659671
672,1492011495
673,1146703149
674,1046903049
675,865266867
676,747502749
677,836324838
678,1049897052
679,1263469266
680,1475045478
681,1833327837
682,2398196403
683,3157675164
684,3309371316
685,2955080961
686,3321347328
687,3253483260
688,3035919042
689,2912166918
690,3003983010
691,3149691156
692,3082825089
693,2832326838
694,2708574714
695,2581828587
696,2310372315
697,2002988007
698,1710573714
699,1302391305
700,1109777112
701,983030985
702,1385225388
703,1641711645
704,1829335833
705,2268456273
706,2997995004
707,3453083460
708,3504979512
709,3156677163
710,3443103450
711,3394201401
712,3095799102
713,2975040981
714,3139711146
715,3323343330
716,3212565219
717,2929132935
718,2746498752
719,2652686658
720,2404184409
721,2011970016
722,1562869566
723,1244507247
724,1039917042
725,1020955023
726,1230535233
727,1446103449
728,1823347827
729,1988017992
730,2530930536
731,2915160921
732,3085819092
733,2711568717
734,3090809097
735,2985020991
736,2674642680
737,2809372815
738,2962066968
739,2957076963
740,2876238882
741,2664662670
742,2529932535
743,2441110446
744,2178636183
745,1752489756
746,1520953524
747,1202591205
748,961074963
749,990016992
750,1158679161
751,1331333334
752,1566861570
753,1896201900
754,2495002500
755,3080829087
756,3058873065
757,2658674664
758,3163663170
759,3025939032
760,2809372815
761,2702586708
762,2852286858
763,2884222890
764,2804382810
765,2525940531
766,2363266368
767,2419154424
768,2013966018
769,1707579711
770,1362271365
771,1068859071
772,958080960
773,891214893
774,1077841080
775,1298399301
776,1555883559
777,1851291855
778,2309374314
779,3297395304
780,3508971516
781,3173643180
782,3425139432
783,3496995504
784,3167655174
785,3014961021
786,3207575214
787,3191607198
788,3083823090
789,2792406798
790,2600790606
791,2592806598
792,2438116443
793,1839315843
794,1583827587
795,1185625188
796,955086957
797,922152924
798,1067861070
799,1375245378
800,1719555723
801,1922149926
802,2197598202
803,2350292355
804,2498994504
805,2295402300
806,2124744129
807,2155682160
808,2274444279
809,2313366318
810,2255482260
811,2435122440
812,2360272365
813,2237518242
814,2236520241
815,2112768117
816,1703587707
817,1477041480
818,1205585208
819,1051893054
820,875246877
821,802392804
822,875246877
823,1208579211
824,1401193404
825,1663667667
826,1849295853
827,2020952025
828,2113766118
829,2108776113
830,2008976013
831,1946101950
832,1808377812
833,1932129936
834,2103786108
835,2365262370
836,2219554224
837,2158676163
838,2233526238
839,2100792105
840,1821351825
841,1560873564
842,1294407297
843,1045905048
844,947102949
845,999997002
846,1244507247
847,1583827587
848,1767459771
849,2094804099
850,2691608697
851,3161667168
852,3210569217
853,3081827088
854,3248493255
855,3390209397
856,3028933035
857,2978034984
858,3072845079
859,3218553225
860,3062865069
861,2838314844
862,2673644679
863,2532926538
864,2215562220
865,1880233884
866,1586821590
867,1200595203
868,1071853074
869,968060970
870,1216563219
871,1625743629
872,1738517742
873,2083826088
874,2507976513
875,3475039482
876,3433123440
877,2939112945
878,3326337333
879,3253483260
880,2969052975
881,2990010996
882,3110769117
883,3227535234
884,3039911046
885,2756478762
886,2769452775
887,2502986508
888,2256480261
889,1890213894
890,1615763619
891,1250495253
892,1069857072
893,1025945028
894,1233529236
895,1536921540
896,1639715643
897,2074844079
898,2650690656
899,3348293355
900,3381227388
901,2910170916
902,3497993505
903,3661665669
904,3341307348
905,3094801101
906,3126737133
907,3170649177
908,3038913045
909,2790410796
910,2597796603
911,2487018492
912,2238516243
913,1867259871
914,1553887557
915,1188619191
916,1025945028
917,1011973014
918,1228539231
919,1471053474
920,1663667667
921,2030932035
922,2428136433
923,3213563220
924,3434121441
925,2938114944
926,3409171416
927,3293403300
928,3015959022
929,2895200901
930,3001987008
931,3199591206
932,2995999002
933,2914162920
934,2653684659
935,2608774614
936,2254484259
937,1919155923
938,1499995503
939,1208579211
940,1010975013
941,935126937
942,1172651175
943,1435125438
944,1641711645
945,1996002000
946,2393206398
947,2933124939
948,2910170916
949,2596798602
950,2698594704
951,2911168917
952,2581828587
953,2589812595
954,2385222390
955,2602786608
956,2549892555
957,2321350326
958,2231530236
959,2177638182
960,1939115943
961,1658677662
962,1316363319
963,1000995003
964,830336832
965,712572714
966,761474763
967,952092954
968,1053889056
969,1330335333
970,1475045478
971,1632729636
972,1676641680
973,1445105448
974,1517959521
975,1495005498
976,1469057472
977,1487021490
978,1522949526
979,1654685658
980,1557879561
981,1571851575
982,1542909546
983,1530933534
984,1337321340
985,1047901050
986,831334833
987,712572714
988,602792604
989,570856572
990,626744628
991,782432784
992,1013969016
993,1079837082
994,1273449276
995,1490015493
996,1514965518
997,1401193404
998,1350295353
999,1343309346
1000,1418159421
1001,1507979511
1002,1522949526
1003,1592809596
1004,1681631685
1005,1691611695
1006,1735523739
1007,1620753624
1008,1405185408
1009,1117761120
1010,1011973014
1011,800396802
1012,763470765
1013,771454773
1014,916164918
1015,1172651175
1016,1329337332
1017,1662669666
1018,2152688157
1019,2417158422
1020,2799392805
1021,2485022490
1022,2680630686
1023,2779432785
1024,2718554724
1025,2817356823
1026,2881228887
1027,2989012995
1028,2953084959
1029,2536918542
1030,2575840581
1031,2356280361
1032,2094804099
1033,1751491755
1034,1548897552
1035,1278439281
1036,1065865068
1037,1040915043
1038,1180635183
1039,1425145428
1040,1684625688
1041,1923147927
1042,2403186408
1043,2942106948
1044,3328333335
1045,3038913045
1046,3567853575
1047,3277435284
1048,3215559222
1049,2999991006
1050,3084821091
1051,3128733135
1052,3065859072
1053,2796398802
1054,2719552725
1055,2554882560
1056,2164664169
1057,1875243879
1058,1527939531
1059,1214567217
1060,1024947027
1061,1029937032
1062,1201593204
1063,1556881560
1064,1756481760
1065,2029934034
1066,2524942530
1067,3083823090
1068,3136717143
1069,2755480761
1070,3074841081
1071,3038913045
1072,2649692655
1073,2650690656
1074,2781428787
1075,2750490756
1076,2591808597
1077,2439114444
1078,2345302350
1079,2243506248
1080,1989015993
1081,1691611695
1082,1422151425
1083,1195605198
1084,1043909046
1085,918160920
1086,1034927037
1087,1270455273
1088,1298399301
1089,1264467267
1090,1292411295
1091,1512969516
1092,1723547727
1093,1701591705
1094,1625743629
1095,1596801600
1096,1662669666
1097,1789415793
1098,2076840081
1099,2393206398
1100,2356280361
1101,2218556223
1102,2052888057
1103,2081830086
1104,1904185908
1105,1641711645
1106,1344307347
1107,1091813094
1108,919158921
1109,879238881
1110,1021953024
1111,1221553224
1112,1334327337
1113,1584825588
1114,2045902050
1115,2484024489
1116,2691608697
1117,2368256373
1118,2522946528
1119,2496000501
1120,2400192405
1121,2269454274
1122,2241510246
1123,2554882560
1124,2451090456
1125,2295402300
1126,2160672165
1127,1995003999
1128,1830333834
1129,1449097452
1130,1187621190
1131,937122939
1132,719558721
1133,632732634
1134,638720640
1135,869258871
1136,962072964
1137,1249497252
1138,1395205398
1139,1656681660
1140,1617759621
1141,1431133434
1142,1414167417
1143,1485025488
1144,1504985508
1145,1424147427
1146,1551891555
1147,1611771615
1148,1740513744
1149,1599795603
1150,1561871565
1151,1506981510
1152,1434127437
1153,1162671165
1154,966064968
1155,773450775
1156,612772614
1157,626744628
1158,655686657
1159,841314843
1160,1029937032
1161,1217561220
1162,1474047477
1163,1640713644
1164,1736521740
1165,1612769616
1166,1524945528
1167,1644705648
1168,1653687657
1169,1703587707
1170,1817359821
1171,1917159921
1172,1984025988
1173,1953087957
1174,1854285858
1175,1778437782
1176,1588817592
1177,1236523239
1178,1024947027
1179,977042979
1180,837322839
1181,884228886
1182,1191613194
1183,1347301350
1184,1595803599
1185,1976041980
1186,2657676663
1187,3289411296
1188,3327335334
1189,3014961021
1190,3242505249
1191,3272445279
1192,3052885059
1193,2977036983
1194,3298393305
1195,3232525239
1196,3095799102
1197,3046897053
1198,2815360821
1199,2650690656
1200,2290412295
1201,1920153924
1202,1620753624
1203,1264467267
1204,1081833084
1205,1120755123
1206,1361273364
1207,1581831585
1208,1802389806
1209,2184624189
1210,2757476763
1211,4128730137
1212,4307372316
1213,3896195904
1214,4320346329
1215,4331324340
1216,4215556224
1217,4173640182
1218,4338310347
1219,4381224390
1220,4159668168
1221,3871245879
1222,3656675664
1223,3432125439
1224,3018953025
1225,2575840581
1226,2244504249
1227,1832329836
1228,1584825588
1229,1406183409
1230,1620753624
1231,2148696153
1232,2383226388
1233,2841308847
1234,3551885559
1235,3949089957
1236,4006974015
1237,3673641681
1238,3930127938
1239,4058870067
1240,3731525739
1241,3746495754
1242,3787413795
1243,3983021991
1244,3906175914
1245,3558871566
1246,3402185409
1247,3226537233
1248,2642706648
1249,2211570216
1250,1740513744
1251,1441113444
1252,1170655173
1253,1205585208
1254,1441113444
1255,1896201900
1256,2140712145
1257,2395202400
1258,2856278862
1259,3626735634
1260,3598791606
1261,3229531236
1262,3426137433
1263,3421147428
1264,3029931036
1265,3094801101
1266,3227535234
1267,3145699152
1268,3037915044
1269,2813364819
1270,2697596703
1271,2450092455
1272,2290412295
1273,1898197902
1274,1539915543
1275,1261473264
1276,1063869066
1277,1052891055
1278,1186623189
1279,1505983509
1280,1836321840
1281,1998996003
1282,2515960521
1283,2891208897
1284,3015959022
1285,2604782610
1286,2896198902
1287,2945100951
1288,2607776613
1289,2601788607
1290,2603784609
1291,2640710646
1292,2541908547
1293,2294404299
1294,2130732135
1295,2169654174
1296,1911171915
1297,1530933534
1298,1315365318
1299,993010995
1300,779438781
1301,781434783
1302,805386807
1303,958080960
1304,1144707147
1305,1361273364
1306,1559875563
1307,1823347827
1308,1779435783
1309,1715563719
1310,1682629686
1311,1571851575
1312,1658677662
1313,1630733634
1314,1630733634
1315,1767459771
1316,1729535733
1317,1744505748
1318,1661671665
1319,1514965518
1320,1387221390
1321,1178639181
1322,927142929
1323,794408796
1324,641714643
1325,664668666
1326,688620690
1327,835326837
1328,989018991
1329,1260475263
1330,1423149426
1331,1644705648
1332,1674645678
1333,1501991505
1334,1569855573
1335,1602789606
1336,1619755623
1337,1632729636
1338,1788417792
1339,1946101950
1340,1936121940
1341,1772449776
1342,1902189906
1343,1688617692
1344,1476043479
1345,1168659171
1346,992012994
1347,862272864
1348,818360820
1349,872252874
1350,1136723139
1351,1394207397
1352,1623747627
1353,1958077962
1354,2795400801
1355,3460069467
1356,3558871566
1357,3290409297
1358,3632723640
1359,3688611696
1360,3493003500
1361,3554879562
1362,3517953525
1363,3473043480
1364,3335319342
1365,3137715144
1366,2997995004
1367,2911168917
1368,2517956523
1369,2115762120
1370,1801391805
1371,1325345328
1372,1161673164
1373,1178639181
1374,1433129436
1375,1815363819
1376,2036920041
1377,2331330336
1378,3251487258
1379,4338310347
1380,4221544230
1381,3778431786
1382,4232522241
1383,4192602201
1384,3996994005
1385,4126734135
1386,4122742131
1387,4246494255
1388,4133720142
1389,3982023990
1390,3761465769
1391,3444101451
1392,2983024989
1393,2530930536
1394,1992009996
1395,1707579711
1396,1369257372
1397,1380235383
1398,1627739631
1399,2010972015
1400,2178636183
1401,2741508747
1402,3141707148
1403,3742503750
1404,4196594205
1405,3351287358
1406,3743501751
1407,3752483760
1408,3519949527
1409,3447095454
1410,3499989507
1411,3643701651
1412,3499989507
1413,3262465269
1414,3166657173
1415,2935120941
1416,2625740631
1417,2203586208
1418,1831331835
1419,1414167417
1420,1224547227
1421,1235525238
1422,1509975513
1423,1882229886
1424,2019954024
1425,2426140431
1426,2857276863
1427,3603781611
1428,3929129937
1429,3560867568
1430,3979029987
1431,3858271866
1432,3474041481
1433,3602783610
1434,3557873565
1435,3578831586
1436,3473043480
1437,3133723140
1438,3019951026
1439,2818354824
1440,2536918542
1441,2024944029
1442,1671651675
1443,1338319341
1444,1084827087
1445,1147701150
1446,1350295353
1447,1662669666
1448,1922149926
1449,2226540231
1450,2797396803
1451,3130729137
1452,3237515244
1453,2997995004
1454,3207575214
1455,3062865069
1456,2624742630
1457,2592806598
1458,2615760621
1459,2735520741
1460,2634722640
1461,2426140431
1462,2390212395
1463,2255482260
1464,1877239881
1465,1587819591
1466,1292411295
1467,1049897052
1468,917162919
1469,824348826
1470,868260870
1471,1073849076
1472,1248499251
1473,1563867567
1474,1753487757
1475,1986021990
1476,1878237882
1477,1879235883
1478,1918157922
1479,1846301850
1480,1835323839
1481,1858277862
1482,1892209896
1483,2025942030
1484,1939115943
1485,1843307847
1486,1870253874
1487,1774445778
1488,1491013494
1489,1263469266
1490,1048899051
1491,957082959
1492,829338831
1493,787422789
1494,855286857
1495,1026943029
1496,1231533234
1497,1297401300
1498,1500993504
1499,1600793604
1500,1774445778
1501,1735523739
1502,1724545728
1503,1703587707
1504,1718557722
1505,1831331835
1506,1953087957
1507,1983027987
1508,1892209896
1509,1925143929
1510,1974045978
1511,1779435783
1512,1585823589
1513,1331333334
1514,1122751125
1515,961074963
1516,833330835
1517,888220890
1518,1056883059
1519,1220555223
1520,1460075463
1521,1665663669
1522,1888217892
1523,3254481261
1524,3725537733
1525,3637713645
1526,3738511746
1527,3564859572
1528,3828331836
1529,4086814095
1530,4341304350
1531,4417152426
1532,4070846079
1533,3890207898
1534,3626735634
1535,3185619192
1536,2802386808
1537,2336320341
1538,2078836083
1539,1707579711
1540,1477041480
1541,1508977512
1542,1841311845
1543,2252488257
1544,2605780611
1545,3055879062
1546,3751485759
1547,4261464270
1548,4281424290
1549,3938111946
1550,4223540232
1551,4036914045
1552,3970047978
1553,4031924040
1554,4076834085
1555,4220546229
1556,4069848078
1557,3599789607
1558,3503981511
1559,3345299352
1560,2889212895
1561,2530930536
1562,2018956023
1563,1637719641
1564,1449097452
1565,1461073464
1566,1707579711
1567,2126740131
1568,2458076463
1569,3000989007
1570,3437115444
1571,4046894055
1572,3922143930
1573,3541905549
1574,3839309847
1575,3839309847
1576,3700587708
1577,3585817593
1578,3803381811
1579,4014958023
1580,3769449777
1581,3648691656
1582,3501985509
1583,3194601201
1584,2750490756
1585,2271450276
1586,1893207897
1587,1543907547
1588,1364267367
1589,1241513244
1590,1724545728
1591,2040912045
1592,2298396303
1593,2682626688
1594,3259471266
1595,3882223890
1596,3947093955
1597,3615757623
1598,3631725639
1599,3756475764
1600,3538911546
1601,3488013495
1602,3609769617
1603,3777433785
1604,3716555724
1605,3402185409
1606,3172645179
1607,3053883060
1608,2681628687
1609,2158676163
1610,1905183909
1611,1374247377
1612,1250495253
1613,1256483259
1614,1518957522
1615,1932129936
1616,2067858072
1617,2512966518
1618,2952086958
1619,3314361321
1620,3364261371
1621,2967056973
1622,3359271366
1623,3326337333
1624,2865260871
1625,2891208897
1626,3043903050
1627,3086817093
1628,3002985009
1629,2715560721
1630,2627736633
1631,2416160421
1632,2283426288
1633,1771451775
1634,1534925538
1635,1249497252
1636,1064867067
1637,1045905048
1638,1086823089
1639,1322351325
1640,1460075463
1641,1714565718
1642,1970053974
1643,2153686158
1644,2043906048
1645,1961071965
1646,1990013994
1647,1837319841
1648,1863267867
1649,1909175913
1650,2009974014
1651,2143706148
1652,2123746128
1653,1985023989
1654,2071850076
1655,1964065968
1656,1766461770
1657,1432131435
1658,1228539231
1659,985026987
1660,913170915
1661,822352824
1662,941114943
1663,1088819091
1664,1271453274
1665,1518957522
1666,1799395803
1667,1949095953
1668,2102788107
1669,1963067967
1670,1797399801
1671,1768457772
1672,1944105948
1673,2025942030
1674,2134724139
1675,2263466268
1676,2359274364
1677,2285422290
1678,2267458272
1679,2146700151
1680,1875243879
1681,1588817592
1682,1374247377
1683,1114767117
1684,997002999
1685,1066863069
1686,1269457272
1687,1652689656
1688,1884225888
1689,2278436283
1690,2904182910
1691,3535917543
1692,4063860072
1693,3697593705
1694,4130726139
1695,4090806099
1696,3661665669
1697,3750487758
1698,3752483760
1699,3874239882
1700,3736515744
1701,3504979512
1702,3305379312
1703,2974042980
1704,2652686658
1705,2257478262
1706,1928137932
1707,1489017492
1708,1235525238
1709,1259477262
1710,1463069466
1711,1929135933
1712,2145702150
1713,2536918542
1714,3230529237
1715,3637713645
1716,3770447778
1717,3423143430
1718,3657673665
1719,3530927538
1720,3264461271
1721,3243503250
1722,3368253375
1723,3526935534
1724,3651685659
1725,3241507248
1726,3219551226
1727,2959072965
1728,2663664669
1729,2292408297
1730,1919155923
1731,1496003499
1732,1214567217
1733,1253489256
1734,1472051475
1735,1816361820
1736,2081830086
1737,2357278362
1738,3038913045
1739,3566855574
1740,3483023490
1741,3183623190
1742,3499989507
1743,3444101451
1744,3321347328
1745,3322345329
1746,3433123440
1747,3604779612
1748,3416157423
1749,3227535234
1750,3178633185
1751,3029931036
1752,2597796603
1753,2150692155
1754,1800393804
1755,1392211395
1756,1192611195
1757,1242511245
1758,1409177412
1759,1754485758
1760,2032928037
1761,2453086458
1762,2888214894
1763,3488013495
1764,3571845579
1765,3178633185
1766,3540907548
1767,3494999502
1768,3164661171
1769,3054881061
1770,3105779112
1771,3437115444
1772,3335319342
1773,2979032985
1774,2906178912
1775,2704582710
1776,2471050476
1777,2034924039
1778,1746501750
1779,1383229386
1780,1210575213
1781,1091813094
1782,1267461270
1783,1567859571
1784,1811371815
1785,2212568217
1786,2581828587
1787,2897196903
1788,3074841081
1789,2664662670
1790,3025939032
1791,2972046978
1792,2900190906
1793,2743504749
1794,2996997003
1795,2993004999
1796,2813364819
1797,2645700651
1798,2585820591
1799,2417158422
1800,2090812095
1801,1742509746
1802,1465065468
1803,1143709146
1804,964068966
1805,849298851
1806,894208896
1807,1033929036
1808,1354287357
1809,1610773614
1810,1655683659
1811,2060872065
1812,2009974014
1813,1860273864
1814,1746501750
1815,1964065968
1816,1803387807
1817,1829335833
1818,1945103949
1819,2070852075
1820,1989015993
1821,1975043979
1822,1957079961
1823,1909175913
1824,1647699651
1825,1370255373
1826,1175645178
1827,1005985008
1828,875246877
1829,749498751
1830,840316842
1831,1063869066
1832,1205585208
1833,1435125438
1834,1701591705
1835,1967059971
1836,1961071965
1837,1824345828
1838,1884225888
1839,1857279861
1840,1984025988
1841,2040912045
1842,2163666168
1843,2451090456
1844,2384224389
1845,2315362320
1846,2400192405
1847,2263466268
1848,1975043979
1849,1525943529
1850,1369257372
1851,1211573214
1852,1073849076
1853,1166663169
1854,1458079461
1855,1672649676
1856,2055882060
1857,2419154424
1858,2981028987
1859,3543901551
1860,3560867568
1861,3266457273
1862,3679629687
1863,3707573715
1864,3461067468
1865,3429131436
1866,3562863570
1867,3718551726
1868,3558871566
1869,3218553225
1870,3062865069
1871,2905180911
1872,2607776613
1873,2235522240
1874,1865263869
1875,1425145428
1876,1269457272
1877,1306383309
1878,1520953524
1879,1867259871
1880,1969055973
1881,2484024489
1882,3109771116
1883,3659669667
1884,3936115944
1885,3517953525
1886,3719549727
1887,3709569717
1888,3426137433
1889,3477035484
1890,3503981511
1891,3797393805
1892,3541905549
1893,3313363320
1894,3168653175
1895,2876238882
1896,2518954524
1897,2101790106
1898,1917159921
1899,1408179411
1900,1237521240
1901,1280435283
1902,1620753624
1903,1814365818
1904,2039914044
1905,2492008497
1906,2924142930
1907,3501985509
1908,3667653675
1909,3237515244
1910,3656675664
1911,3512963520
1912,3308373315
1913,3184621191
1914,3354281361
1915,3471047478
1916,3317355324
1917,3162665169
1918,3154681161
1919,3041907048
1920,2592806598
1921,2088816093
1922,1814365818
1923,1462071465
1924,1229537232
1925,1232531235
1926,1422151425
1927,1756481760
1928,1980033984
1929,2363266368
1930,2869252875
1931,3386217393
1932,4279428288
1933,3853281861
1934,4296394305
1935,4277432286
1936,3938111946
1937,3900187908
1938,4102782111
1939,4055876064
1940,4025936034
1941,3754479762
1942,3628731636
1943,3363263370
1944,2979032985
1945,2383226388
1946,1994005998
1947,1562869566
1948,1299397302
1949,1381233384
1950,1595803599
1951,2093806098
1952,2394204399
1953,2741508747
1954,3149691156
1955,3686615694
1956,3583821591
1957,3172645179
1958,3394201401
1959,3425139432
1960,3260469267
1961,3071847078
1962,3149691156
1963,3268453275
1964,3078833085
1965,2860270866
1966,2806378812
1967,2679632685
1968,2358276363
1969,1918157922
1970,1565863569
1971,1203589206
1972,973050975
1973,960076962
1974,1021953024
1975,1258479261
1976,1504985508
1977,1672649676
1978,1945103949
1979,2283426288
1980,2038916043
1981,1873247877
1982,1861271865
1983,1911171915
1984,1698597702
1985,1775443779
1986,1873247877
1987,2193606198
1988,2040912045
1989,1975043979
1990,1998996003
1991,1837319841
1992,1687619691
1993,1366263369
1994,1125745128
1995,904188906
1996,878240880
1997,794408796
1998,889218891
1999,1039917042
2000,1277441280
2001,1384227387
2002,1667659671
2003,1884225888
2004,2027938032
2005,1838317842
2006,1877239881
2007,1879235883
2008,1801391805
2009,1996002000
2010,2054884059
2011,2330332335
2012,2280432285
2013,2228536233
2014,2207578212
2015,2145702150
2016,1996002000
2017,1580833584
2018,1359277362
2019,1170655173
2020,1093809096
2021,1147701150
2022,1404187407
2023,1787419791
2024,1979035983
2025,2351290356
2026,3040909047
2027,3521945529
2028,3728531736
2029,3309371316
2030,3672643680
2031,3749489757
2032,3527933535
2033,3317355324
2034,3568851576
2035,3579829587
2036,3486017493
2037,3389211396
2038,3139711146
2039,3034921041
2040,2659672665
2041,2235522240
2042,1952089956
2043,1514965518
2044,1322351325
2045,1334327337
2046,1600793604
2047,1889215893
2048,2150692155
2049,2538914544
2050,3014961021
2051,3526935534
2052,3648691656
2053,3249491256
2054,3648691656
2055,3581825589
2056,3246497253
2057,3253483260
2058,3466057473
2059,3701585709
2060,3634719642
2061,3410169417
2062,3377235384
2063,3200589207
2064,2743504749
2065,2305382310
2066,1890213894
2067,1442111445
2068,1218559221
2069,1463069466
2070,1610773614
2071,2104784109
2072,2349294354
2073,2676638682
2074,3043903050
2075,3596795604
2076,3763461771
2077,3496995504
2078,4021944030
2079,3874239882
2080,3703581711
2081,3635717643
2082,3364261371
2083,3833321841
2084,4117752126
2085,3950087958
2086,3822343830
2087,3523941531
2088,2936118942
2089,2462068467
2090,2086820091
2091,1683627687
2092,1447101450
2093,1468059471
2094,1840313844
2095,2297398302
2096,2554882560
2097,2922146928
2098,3401187408
2099,3711565719
2100,3853281861
2101,3603781611
2102,3855277863
2103,3936115944
2104,3831325839
2105,3569849577
2106,3816355824
2107,3932123940
2108,3854279862
2109,3830327838
2110,3428133435
2111,3160669167
2112,2782426788
2113,2312368317
2114,1808377812
2115,1524945528
2116,1380235383
2117,1307381310
2118,1567859571
2119,1949095953
2120,2084824089
2121,2519952525
2122,3066857073
2123,3363263370
2124,3410169417
2125,3083823090
2126,3429131436
2127,3383223390
2128,3121747128
2129,2971048977
2130,3059871066
2131,3161667168
2132,2981028987
2133,2764462770
2134,2572846578
2135,2484024489
2136,2197598202
2137,1906181910
2138,1482031485
2139,1159677162
2140,986024988
2141,945106947
2142,981034983
2143,1186623189
2144,1387221390
2145,1499995503
2146,1788417792
2147,1929135933
2148,1934125938
2149,1790413794
2150,1680633684
2151,1840313844
2152,1705583709
2153,1732529736
2154,1864265868
2155,2097798102
2156,2021950026
2157,1956081960
2158,1948097952
2159,1933127937
2160,1652689656
2161,1409177412
2162,1256483259
2163,1053889056
2164,867262869
2165,907182909
2166,1041913044
2167,1081833084
2168,1362271365
2169,1451093454
2170,1631731635
2171,1866261870
2172,1896201900
2173,1806381810
2174,1746501750
2175,1853287857
2176,1801391805
2177,1805383809
2178,1959075963
2179,2176640181
2180,2290412295
2181,2276440281
2182,2235522240
2183,2169654174
2184,1963067967
2185,1646701650
2186,1336323339
2187,1246503249
2188,1170655173
2189,1171653174
2190,1433129436
2191,1679635683
2192,1925143929
2193,2366260371
2194,2759472765
2195,3450089457
2196,3807373815
2197,3525937533
2198,3855277863
2199,4294398303
2200,3617753625
2201,3499989507
2202,3628731636
2203,3914159922
2204,3661665669
2205,3678631686
2206,3636715644
2207,3319351326
2208,2925140931
2209,2539912545
2210,2094804099
2211,1678637682
2212,1417161420
2213,1488019491
2214,1734525738
2215,2029934034
2216,2191610196
2217,2652686658
2218,3088813095
2219,3440109447
2220,3569849577
2221,3174641181
2222,3491007498
2223,3501985509
2224,3241507248
2225,3344301351
2226,3470049477
2227,3584819592
2228,3423143430
2229,3202585209
2230,2967056973
2231,2860270866
2232,2688614694
2233,2270452275
2234,1931131935
2235,1690613694
2236,1348299351
2237,1426143429
2238,1565863569
2239,1689615693
2240,1916161920
2241,2128736133
2242,2258476263
2243,2495002500
2244,2593804599
2245,2586818592
2246,2642706648
2247,2586818592
2248,2650690656
2249,2849292855
2250,3124741131
2251,3516955524
2252,3344301351
2253,3254481261
2254,3090809097
2255,3032925039
2256,2748494754
2257,2273446278
2258,1836321840
2259,1561871565
2260,1461073464
2261,1404187407
2262,1511971515
2263,1840313844
2264,2057878062
2265,2409174414
2266,2971048977
2267,3386217393
2268,3447095454
2269,2992006998
2270,3269451276
2271,3379231386
2272,3063863070
2273,2981028987
2274,3258473265
2275,3343303350
2276,2819352825
2277,3094801101
2278,2849292855
2279,2780430786
2280,2529932535
2281,2151690156
2282,1862269866
2283,1487021490
2284,1237521240
2285,1305385308
2286,1504985508
2287,1688617692
2288,1950093954
2289,2217558222
2290,2727536733
2291,2837316843
2292,3007975014
2293,2763464769
2294,3015959022
2295,2793404799
2296,2663664669
2297,2620750626
2298,2810370816
2299,2837316843
2300,2760470766
2301,2543904549
2302,2498994504
2303,2356280361
2304,2067858072
2305,1758477762
2306,1546901550
2307,1178639181
2308,985026987
2309,916164918
2310,947102949
2311,1218559221
2312,1401193404
2313,1606781610
2314,1722549726
2315,1855283859
2316,1878237882
2317,1750493754
2318,1733527737
2319,1773447777
2320,1651691655
2321,1613767617
2322,1771451775
2323,1898197902
2324,1913167917
2325,1759475763
2326,1799395803
2327,1785423789
2328,1655683659
2329,1299397302
2330,1071853074
2331,1030935033
2332,830336832
2333,784428786
2334,888220890
2335,1027941030
2336,1255485258
2337,1377241380
2338,1414167417
2339,1642709646
2340,1669655673
2341,1667659671
2342,1616761620
2343,1597799601
2344,1678637682
2345,1697599701
2346,1885223889
2347,2032928037
2348,2042908047
2349,1937119941
2350,2033926038
2351,1992009996
2352,1801391805
2353,1544905548
2354,1408179411
2355,1202591205
2356,1061873064
2357,1121753124
2358,1351293354
2359,1552889556
2360,1743507747
2361,2061870066
2362,2323346328
2363,2672646678
2364,2772446778
2365,2701588707
2366,2847296853
2367,2908174914
2368,2669652675
2369,2720550726
2370,3066857073
2371,3122745129
2372,3116757123
2373,2892206898
2374,2756478762
2375,2672646678
2376,2474044479
2377,2253486258
2378,1927139931
2379,1616761620
2380,1415165418
2381,1359277362
2382,1504985508
2383,1678637682
2384,1865263869
2385,1922149926
2386,2014964019
2387,2306380311
2388,2545900551
2389,2490012495
2390,2538914544
2391,2552886558
2392,2420152425
2393,2607776613
2394,2886218892
2395,3266457273
2396,3213563220
2397,3140709147
2398,2908174914
2399,2876238882
2400,2581828587
2401,2336320341
2402,2094804099
2403,1790413794
2404,1500993504
2405,1529935533
2406,1692609696
2407,2083826088
2408,2270452275
2409,2588814594
2410,3135719142
2411,3666655674
2412,3704579712
2413,3474041481
2414,3767453775
2415,3612763620
2416,3387215394
2417,3303383310
2418,3592803600
2419,3721545729
2420,3741505749
2421,3483023490
2422,3311367318
2423,3102785109
2424,2809372815
2425,2448096453
2426,2059874064
2427,1713567717
2428,1585823589
2429,1635723639
2430,1827339831
2431,2165662170
2432,2446100451
2433,2607776613
2434,3032925039
2435,3743501751
2436,3634719642
2437,3244501251
2438,3538911546
2439,3492005499
2440,3169651176
2441,3211567218
2442,3312365319
2443,3534919542
2444,3370249377
2445,3125739132
2446,2917156923
2447,2847296853
2448,2548894554
2449,2251490256
2450,1886221890
2451,1510973514
2452,1276443279
2453,1287421290
2454,1457081460
2455,1716561720
2456,1961071965
2457,2345302350
2458,2778434784
2459,3247495254
2460,3232525239
2461,2763464769
2462,3128733135
2463,3105779112
2464,2816358822
2465,2789412795
2466,2929132935
2467,3028933035
2468,2772446778
2469,2647696653
2470,2550890556
2471,2396200401
2472,2240512245
2473,1927139931
2474,1574845578
2475,1240515243
2476,1100795103
2477,997002999
2478,1042911045
2479,1244507247
2480,1410175413
2481,1629735633
2482,1710573714
2483,1942109946
2484,2085822090
2485,1852289856
2486,1870253874
2487,1875243879
2488,1846301850
2489,1780433784
2490,1839315843
2491,1997998002
2492,1982029986
2493,1908177912
2494,1922149926
2495,1859275863
2496,1671651675
2497,1428139431
2498,1213569216
2499,1120755123
2500,928140930
2501,904188906
2502,1023949026
2503,1059877062
2504,1217561220
2505,1432131435
2506,1741511745
2507,1801391805
2508,1863267867
2509,1738517742
2510,1768457772
2511,1897199901
2512,1919155923
2513,1889215893
2514,2023946028
2515,2341310346
2516,2335322340
2517,2237518242
2518,2329334334
2519,2133726138
2520,1951091955
2521,1726541730
2522,1487021490
2523,1265465268
2524,1274447277
2525,1274447277
2526,1525943529
2527,1857279861
2528,1996002000
2529,2359274364
2530,2823344829
2531,3632723640
2532,3837313845
2533,3302385309
2534,3654679662
2535,3593801601
2536,3314361321
2537,3159671166
2538,3479031486
2539,3462065469
2540,3357275364
2541,3054881061
2542,2940110946
2543,2911168917
2544,2709572715
2545,2171650176
2546,1854285858
2547,1559875563
2548,1376243379
2549,1461073464
2550,1665663669
2551,1861271865
2552,2187618192
2553,2555880561
2554,3049891056
2555,4330326339
2556,4643698653
2557,4264458273
2558,4713558723
2559,4618748628
2560,4439108448
2561,4151684160
2562,3849289857
2563,4615754625
2564,4572840582
2565,4438110447
2566,4288410297
2567,4103780112
2568,3659669667
2569,3175639182
2570,2731528737
2571,2151690156
2572,2073846078
2573,1971051975
2574,2378236383
2575,2838314844
2576,3177635184
2577,3524939532
2578,4046894055
2579,4393200402
2580,4325336334
2581,3944099952
2582,4423140432
2583,4302382311
2584,4126734135
2585,4060866069
2586,4353280362
2587,4345296354
2588,4228530237
2589,4051884060
2590,4010966019
2591,3758471766
2592,3240509247
2593,2877236883
2594,2566858572
2595,2155682160
2596,1770453774
2597,1790413794
2598,2267458272
2599,2521948527
2600,2727536733
2601,3265459272
2602,3526935534
2603,4073840082
2604,4085816094
2605,3873241881
2606,4229528238
2607,4102782111
2608,3935117943
2609,3835317843
2610,4200586209
2611,4329328338
2612,4093800102
2613,3712563720
2614,3649689657
2615,3494001501
2616,3131727138
2617,2661668667
2618,2224544229
2619,1847299851
2620,1621751625
2621,1646701650
2622,1886221890
2623,2304384309
2624,2465062470
2625,2700590706
2626,3322345329
2627,3554879562
2628,3630727638
2629,3294401301
2630,3596795604
2631,3528931536
2632,3230529237
2633,3258473265
2634,3265459272
2635,3467055474
2636,3157675164
2637,2979032985
2638,2917156923
2639,2712566718
2640,2460072465
2641,1984025988
2642,1753487757
2643,1473049476
2644,1196603199
2645,1131733134
2646,1202591205
2647,1420155423
2648,1617759621
2649,1973047977
2650,2138716143
2651,2165662170
2652,2246500251
2653,1990013994
2654,2003986008
2655,2095802100
2656,1984025988
2657,1945103949
2658,2131730136
2659,2245502250
2660,2244504249
2661,2270452275
2662,2223546228
2663,2116760121
2664,1943107947
2665,1549895553
2666,1477041480
2667,1214567217
2668,1095805098
2669,1034927037
2670,1144707147
2671,1331333334
2672,1490015493
2673,1639715643
2674,1911171915
2675,2087818092
2676,1979035983
2677,1891211895
2678,1922149926
2679,2184624189
2680,2104784109
2681,2186620191
2682,2460072465
2683,2556878562
2684,2564862570
2685,2557876563
2686,2481030486
2687,2431130436
2688,2222548227
2689,1947099951
2690,1624745628
2691,1529935533
2692,1324347327
2693,1381233384
2694,1646701650
2695,1968057972
2696,2113766118
2697,2481030486
2698,3086817093
2699,3527933535
2700,3653681661
2701,3330329337
2702,3585817593
2703,3555877563
2704,3351287358
2705,3377235384
2706,3547893555
2707,3791405799
2708,3679629687
2709,3425139432
2710,3290409297
2711,3238513245
2712,2952086958
2713,2513964519
2714,2171650176
2715,1788417792
2716,1567859571
2717,1475045478
2718,1784425788
2719,2033926038
2720,2295402300
2721,2731528737
2722,3089811096
2723,3468053475
2724,3816355824
2725,3545897553
2726,3738511746
2727,3785417793
2728,3523941531
2729,3520947528
2730,3566855574
2731,3852283860
2732,3652683660
2733,3437115444
2734,3314361321
2735,3091807098
2736,2828334834
2737,2355282360
2738,2034924039
2739,1691611695
2740,1514965518
2741,1509975513
2742,1683627687
2743,1999994004
2744,2254484259
2745,2610770616
2746,2935120941
2747,3515957523
2748,3705577713
2749,3132725139
2750,3478033485
2751,3461067468
2752,3195599202
2753,3155679162
2754,3406177413
2755,3636715644
2756,3528931536
2757,3303383310
2758,3276437283
2759,2978034984
2760,2758474764
2761,2377238382
2762,2077838082
2763,1731531735
2764,1491013494
2765,1453089456
2766,1622749626
2767,1865263869
2768,2146700151
2769,2469054474
2770,2700590706
2771,3170649177
2772,3439111446
2773,3054881061
2774,3310369317
2775,3237515244
2776,3022945029
2777,2998993005
2778,3214561221
2779,3321347328
2780,3169651176
2781,2990010996
2782,2759472765
2783,2834322840
2784,2542906548
2785,2200592205
2786,1901191905
2787,1605783609
2788,1354287357
2789,1300395303
2790,1490015493
2791,1809375813
2792,1906181910
2793,2034924039
2794,2300392305
2795,2585820591
2796,2836318842
2797,2524942530
2798,2774442780
2799,2663664669
2800,2417158422
2801,2335322340
2802,2550890556
2803,2651688657
2804,2563864569
2805,2317358322
2806,2212568217
2807,2296400301
2808,2026940031
2809,1797399801
2810,1515963519
2811,1165665168
2812,975046977
2813,972052974
2814,984028986
2815,1115765118
2816,1176643179
2817,1253489256
2818,1343309346
2819,1533927537
2820,1482031485
2821,1505983509
2822,1377241380
2823,1444107447
2824,1461073464
2825,1425145428
2826,1552889556
2827,1761471765
2828,1735523739
2829,1738517742
2830,1689615693
2831,1673647677
2832,1489017492
2833,1295405298
2834,1180635183
2835,1016963019
2836,937122939
2837,907182909
2838,857282859
2839,944108946
2840,1003989006
2841,1062871065
2842,1047901050
2843,1264467267
2844,1394207397
2845,1269457272
2846,1303389306
2847,1288419291
2848,1424147427
2849,1487021490
2850,1572849576
2851,1527939531
2852,1641711645
2853,1600793604
2854,1646701650
2855,1636721640
2856,1556881560
2857,1544905548
2858,1376243379
2859,1196603199
2860,1039917042
2861,1079837082
2862,1289417292
2863,1458079461
2864,1663667667
2865,1745503749
2866,1811371815
2867,2426140431
2868,2509972515
2869,2416160421
2870,2603784609
2871,2710570716
2872,2506978512
2873,2672646678
2874,2843304849
2875,3271447278
2876,3312365319
2877,3164661171
2878,2864262870
2879,2697596703
2880,2512966518
2881,2231530236
2882,2023946028
2883,1732529736
2884,1519955523
2885,1404187407
2886,1511971515
2887,1799395803
2888,1876241880
2889,1986021990
2890,2212568217
2891,2574842580
2892,2685620691
2893,2733524739
2894,2932126938
2895,2928134934
2896,2834322840
2897,2828334834
2898,3060869067
2899,3495997503
2900,3378233385
2901,3117755124
2902,3078833085
2903,2808374814
2904,2593804599
2905,2277438282
2906,1921151925
2907,1678637682
2908,1430135433
2909,1374247377
2910,1586821590
2911,1692609696
2912,1964065968
2913,2192608197
2914,2555880561
2915,3101787108
2916,3007975014
2917,2819352825
2918,3220549227
2919,3328333335
2920,3179631186
2921,3007975014
2922,3163663170
2923,3388213395
2924,3502983510
2925,3255479262
2926,3124741131
2927,2853284859
2928,2687616693
2929,2293406298
2930,1920153924
2931,1676641680
2932,1442111445
2933,1417161420
2934,1547899551
2935,1726541730
2936,1913167917
2937,2203586208
2938,2605780611
2939,2952086958
2940,2969052975
2941,2663664669
2942,3092805099
2943,3207575214
2944,2852286858
2945,2855280861
2946,2910170916
2947,3286417293
2948,3149691156
2949,2934122940
2950,2864262870
2951,2610770616
2952,2422148427
2953,2033926038
2954,1717559721
2955,1494007497
2956,1315365318
2957,1253489256
2958,1377241380
2959,1506981510
2960,1639715643
2961,1798397802
2962,2240512245
2963,2350292355
2964,2543904549
2965,2353286358
2966,2516958522
2967,2668654674
2968,2537916543
2969,2538914544
2970,2562866568
2971,2816358822
2972,2632726638
2973,2658674664
2974,2518954524
2975,2444104449
2976,2248496253
2977,1905183909
2978,1613767617
2979,1309377312
2980,1127741130
2981,1001993004
2982,1090815093
2983,1202591205
2984,1271453274
2985,1505983509
2986,1712569716
2987,1811371815
2988,1910173914
2989,1741511745
2990,1588817592
2991,1770453774
2992,1733527737
2993,1751491755
2994,1896201900
2995,1922149926
2996,1970053974
2997,1870253874
2998,1923147927
2999,1856281860
3000,1731531735
3001,1455085458
3002,1293409296
3003,1164667167
3004,998001000
3005,978040980
3006,963070965
3007,1075845078
3008,1356283359
3009,1424147427
3010,1503987507
3011,1862269866
3012,1818357822
3013,1636721640
3014,1722549726
3015,1828337832
3016,1828337832
3017,1973047977
3018,2036920041
3019,2221550226
3020,2240512245
3021,2141710146
3022,2282428287
3023,2332328337
3024,2041910046
3025,1761471765
3026,1629735633
3027,1512969516
3028,1324347327
3029,1316363319
3030,1461073464
3031,1806381810
3032,2082828087
3033,2369254374
3034,3818351826
3035,4901182911
3036,4895194905
3037,4581822591
3038,4933118943
3039,5376231387
3040,5480023491
3041,5866249878
3042,6048884061
3043,6061858074
3044,5748485760
3045,5748485760
3046,5744493756
3047,5162659173
3048,4641702651
3049,4064858073
3050,3503981511
3051,3167655174
3052,2722546728
3053,2554882560
3054,3054881061
3055,3599789607
3056,4036914045
3057,4436114445
3058,5016951027
3059,5314355325
3060,5241501252
3061,4761462771
3062,4978028988
3063,4902180912
3064,4893198903
3065,4796392806
3066,5035913046
3067,5272439283
3068,5056871067
3069,4985014995
3070,4813358823
3071,4383220392
3072,4133720142
3073,3516955524
3074,3275439282
3075,2844302850
3076,2468056473
3077,2271450276
3078,2457078462
3079,2966058972
3080,3339311346
3081,3496995504
3082,3992004000
3083,4250486259
3084,4159668168
3085,3773441781
3086,4228530237
3087,4311364320
3088,3828331836
3089,3640707648
3090,3872243880
3091,4196594205
3092,3993002001
3093,4159668168
3094,3907173915
3095,3589809597
3096,3254481261
3097,2748494754
3098,2443106448
3099,2216560221
3100,1834325838
3101,1814365818
3102,2051890056
3103,2153686158
3104,2488016493
3105,2852286858
3106,3280429287
3107,3852283860
3108,3756475764
3109,3480029487
3110,3805377813
3111,3726535734
3112,3564859572
3113,3341307348
3114,3477035484
3115,3641705649
3116,3641705649
3117,3530927538
3118,3560867568
3119,3245499252
3120,3007975014
3121,2643704649
3122,2376240381
3123,2006980011
3124,1843307847
3125,1778437782
3126,1815363819
3127,2085822090
3128,2359274364
3129,2673644679
3130,3186617193
3131,3415159422
3132,3430129437
3133,3084821091
3134,3490009497
3135,3409171416
3136,3126737133
3137,2959072965
3138,2866258872
3139,3102785109
3140,3370249377
3141,3353283360
3142,3160669167
3143,2819352825
3144,2589812595
3145,2234524239
3146,1911171915
3147,1760473764
3148,1447101450
3149,1264467267
3150,1277441280
3151,1342311345
3152,1570853574
3153,1736521740
3154,1929135933
3155,1943107947
3156,2068856073
3157,1909175913
3158,1914165918
3159,1941111945
3160,1896201900
3161,1890213894
3162,2017958022
3163,2260472265
3164,2189614194
3165,2293406298
3166,2274444279
3167,2094804099
3168,1902189906
3169,1680633684
3170,1502989506
3171,1256483259
3172,1202591205
3173,1069857072
3174,1070855073
3175,1136723139
3176,1377241380
3177,1526941530
3178,1825343829
3179,1901191905
3180,1997000001
3181,1989015993
3182,1894205898
3183,2039914044
3184,2011970016
3185,2021950026
3186,2301390306
3187,2235522240
3188,2346300351
3189,2489014494
3190,2412168417
3191,2385222390
3192,2146700151
3193,1920153924
3194,1690613694
3195,1557879561
3196,1340315343
3197,1436123439
3198,1603787607
3199,1895203899
3200,2016960021
3201,2502986508
3202,3208573215
3203,3371247378
3204,3420149427
3205,3125739132
3206,3598791606
3207,3558871566
3208,3375239382
3209,3381227388
3210,3290409297
3211,3392205399
3212,3356277363
3213,3353283360
3214,3281427288
3215,2920150926
3216,2635720641
3217,2421150426
3218,2162668167
3219,1923147927
3220,1752489756
3221,1568857572
3222,1704585708
3223,1923147927
3224,2111770116
3225,2434124439
3226,2879232885
3227,3270449277
3228,3397195404
3229,3132725139
3230,3528931536
3231,3683621691
3232,3282425289
3233,3236517243
3234,3309371316
3235,3460069467
3236,3624739632
3237,3716555724
3238,3395199402
3239,3063863070
3240,2904182910
3241,2534922540
3242,2307378312
3243,2098796103
3244,1697599701
3245,1661671665
3246,1742509746
3247,1972049976
3248,2236520241
3249,2672646678
3250,3142705149
3251,3492005499
3252,3625737633
3253,3222545229
3254,3669649677
3255,3699589707
3256,3413163420
3257,3244501251
3258,3411167418
3259,3484021491
3260,3602783610
3261,3495997503
3262,3225539232
3263,2999991006
3264,2893204899
3265,2533924539
3266,2239514244
3267,2062868067
3268,1723547727
3269,1652689656
3270,1782429786
3271,1888217892
3272,2069854074
3273,2585820591
3274,3087815094
3275,3387215394
3276,3443103450
3277,3229531236
3278,3543901551
3279,3552883560
3280,3204581211
3281,3060869067
3282,3244501251
3283,3333323340
3284,3315359322
3285,3312365319
3286,3299391306
3287,2981028987
3288,2681628687
3289,2444104449
3290,2103786108
3291,1836321840
3292,1703587707
3293,1496003499
3294,1619755623
3295,1747499751
3296,2013966018
3297,2374244379
3298,2856278862
3299,3035919042
3300,3233523240
3301,2796398802
3302,3159671166
3303,3171647178
3304,2924142930
3305,2803384809
3306,2844302850
3307,2902186908
3308,2976038982
3309,3098793105
3310,2985020991
3311,2665660671
3312,2376240381
3313,1976041980
3314,1927139931
3315,1513967517
3316,1287421290
3317,1130735133
3318,1157681160
3319,1276443279
3320,1467061470
3321,1767459771
3322,1923147927
3323,2009974014
3324,2006980011
3325,1779435783
3326,1888217892
3327,1862269866
3328,1875243879
3329,1915163919
3330,1943107947
3331,2162668167
3332,2173646178
3333,2191610196
3334,2250492255
3335,2060872065
3336,1859275863
3337,1594805598
3338,1403189406
3339,1244507247
3340,1154687157
3341,1044907047
3342,1060875063
3343,1198599201
3344,1392211395
3345,1474047477
3346,1728537732
3347,1866261870
3348,2011970016
3349,1902189906
3350,1848297852
3351,1847299851
3352,1927139931
3353,1987019991
3354,2262468267
3355,2489014494
3356,2415162420
3357,2639712645
3358,2620750626
3359,2483026488
3360,2224544229
3361,1940113944
3362,1769455773
3363,1591811595
3364,1487021490
3365,1384227387
3366,1690613694
3367,1999994004
3368,2227538232
3369,2629732635
3370,3086817093
3371,3505977513
3372,3641705649
3373,3274441281
3374,3630727638
3375,3851285859
3376,3407175414
3377,3269451276
3378,3342305349
3379,3485019492
3380,3651685659
3381,3636715644
3382,3406177413
3383,3052885059
3384,2824342830
3385,2615760621
3386,2372248377
3387,2093806098
3388,1762469766
3389,1673647677
3390,1845303849
3391,2037918042
3392,2255482260
3393,2719552725
3394,3299391306
3395,3590807598
3396,3549889557
3397,3212565219
3398,3636715644
3399,3739509747
3400,3420149427
3401,3167655174
3402,3382225389
3403,3669649677
3404,3703581711
3405,3595797603
3406,3389211396
3407,3153683160
3408,2871248877
3409,2570850576
3410,2236520241
3411,2052888057
3412,1779435783
3413,1654685658
3414,1767459771
3415,2058876063
3416,2233526238
3417,2576838582
3418,3029931036
3419,3504979512
3420,3581825589
3421,3362265369
3422,3666655674
3423,3780427788
3424,3488013495
3425,3285419292
3426,3443103450
3427,3535917543
3428,3554879562
3429,3606775614
3430,3388213395
3431,3034921041
3432,2827336833
3433,2562866568
3434,2302388307
3435,1990013994
3436,1726541730
3437,1576841580
3438,1866261870
3439,2023946028
3440,2166660171
3441,2480032485
3442,2978034984
3443,3446097453
3444,3425139432
3445,3174641181
3446,3566855574
3447,3543901551
3448,3245499252
3449,3145699152
3450,3201587208
3451,3515957523
3452,3487015494
3453,3389211396
3454,3168653175
3455,3117755124
3456,2732526738
3457,2381230386
3458,2127738132
3459,1930133934
3460,1708577712
3461,1522949526
3462,1725543729
3463,1919155923
3464,2068856073
3465,2391210396
3466,2807376813
3467,3240509247
3468,3217555224
3469,2927136933
3470,3150689157
3471,3143703150
3472,2982026988
3473,2677636683
3474,2761468767
3475,2896198902
3476,3041907048
3477,2923144929
3478,2850290856
3479,2490012495
3480,2348296353
3481,2050892055
3482,1824345828
3483,1536921540
3484,1271453274
3485,1145705148
3486,1135725138
3487,1208579211
3488,1391213394
3489,1563867567
3490,1843307847
3491,1997000001
3492,2048896053
3493,1833327837
3494,1781431785
3495,1795403799
3496,1835323839
3497,1743507747
3498,1931131935
3499,2080832085
3500,2056880061
3501,2012968017
3502,2103786108
3503,1912169916
3504,1838317842
3505,1620753624
3506,1377241380
3507,1216563219
3508,1120755123
3509,1085825088
3510,1013969016
3511,1152691155
3512,1243509246
3513,1434127437
3514,1621751625
3515,1784425788
3516,1807379811
3517,1744505748
3518,1773447777
3519,1864265868
3520,1925143929
3521,1890213894
3522,1915163919
3523,2384224389
3524,2328336333
3525,2456080461
3526,2484024489
3527,2288416293
3528,2175642180
3529,1942109946
3530,1599795603
3531,1527939531
3532,1397201400
3533,1289417292
3534,1512969516
3535,1900193904
3536,2179634184
3537,2431130436
3538,2994003000
3539,3411167418
3540,3454081461
3541,3216557223
3542,3625737633
3543,3809369817
3544,3352285359
3545,3316357323
3546,3503981511
3547,3490009497
3548,3478033485
3549,3440109447
3550,3301387308
3551,2956078962
3552,2876238882
3553,2551888557
3554,2256480261
3555,2038916043
3556,1669655673
3557,1546901550
3558,1708577712
3559,1931131935
3560,2142708147
3561,2500990506
3562,3007975014
3563,3374241381
3564,3495997503
3565,3287415294
3566,3628731636
3567,3691605699
3568,3471047478
3569,3211567218
3570,3256477263
3571,3457075464
3572,3514959522
3573,3417155424
3574,3225539232
3575,2817356823
3576,2706578712
3577,2317358322
3578,2037918042
3579,1785423789
3580,1568857572
3581,1471053474
3582,1485025488
3583,1837319841
3584,2085822090
3585,2460072465
3586,3056877063
3587,3530927538
3588,3459071466
3589,3211567218
3590,3542903550
3591,3715557723
3592,3445099452
3593,3338313345
3594,3328333335
3595,3401187408
3596,3302385309
3597,3198593205
3598,3063863070
3599,2774442780
3600,2478036483
3601,2116760121
3602,1847299851
3603,1568857572
3604,1412171415
3605,1267461270
3606,1429137432
3607,1555883559
3608,1857279861
3609,2232528237
3610,2932126938
3611,3319351326
3612,3376237383
3613,3073843080
3614,3408173415
3615,3594799602
3616,3144701151
3617,2943104949
3618,3307375314
3619,3272445279
3620,3060869067
3621,2907176913
3622,2707576713
3623,2394204399
3624,1997000001
3625,1677639681
3626,1437121440
3627,1235525238
3628,1189617192
3629,1075845078
3630,1252491255
3631,1469057472
3632,1612769616
3633,2086820091
3634,2495002500
3635,2850290856
3636,3102785109
3637,2714562720
3638,3031927038
3639,3052885059
3640,2755480761
3641,2744502750
3642,2650690656
3643,2720550726
3644,2598794604
3645,2463066468
3646,2374244379
3647,1974045978
3648,1881231885
3649,1594805598
3650,1378239381
3651,1172651175
3652,988020990
3653,1010975013
3654,1048899051
3655,1138719141
3656,1362271365
3657,1585823589
3658,1831331835
3659,2032928037
3660,1984025988
3661,1806381810
3662,1842309846
3663,1830333834
3664,1822349826
3665,1692609696
3666,1885223889
3667,1970053974
3668,2009974014
3669,2056880061
3670,2108776113
3671,2018956023
3672,1836321840
3673,1517959521
3674,1477041480
3675,1228539231
3676,1084827087
3677,1085825088
3678,980036982
3679,1111773114
3680,1285425288
3681,1520953524
3682,1609775613
3683,1836321840
3684,1859275863
3685,1738517742
3686,1811371815
3687,1876241880
3688,1843307847
3689,1997998002
3690,2172648177
3691,2298396303
3692,2257478262
3693,2299394304
3694,2449094454
3695,2278436283
3696,2042908047
3697,1908177912
3698,1600793604
3699,1511971515
3700,1454087457
3701,1352291355
3702,1645703649
3703,1879235883
3704,2110772115
3705,2460072465
3706,2824342830
3707,3325339332
3708,3734519742
3709,3507973515
3710,4036914045
3711,4220546229
3712,4213560222
3713,3812363820
3714,4149688158
3715,4226534235
3716,4140706149
3717,4034918043
3718,3776435784
3719,3275439282
3720,2974042980
3721,2642706648
3722,2379234384
3723,2103786108
3724,1836321840
3725,1692609696
3726,1864265868
3727,2247498252
3728,2547896553
3729,2942106948
3730,3656675664
3731,3963061971
3732,3872243880
3733,3597793605
3734,3923141931
3735,3954079962
3736,3701585709
3737,3529929537
3738,3632723640
3739,3917153925
3740,3786415794
3741,3718551726
3742,3674639682
3743,3205579212
3744,2946098952
3745,2656678662
3746,2417158422
3747,2085822090
3748,1740513744
3749,1765463769
3750,1842309846
3751,1935123939
3752,2380232385
3753,2649692655
3754,3200589207
3755,3384221391
3756,3513961521
3757,3199591206
3758,3624739632
3759,3613761621
3760,3413163420
3761,3397195404
3762,3555877563
3763,3570847578
3764,3564859572
3765,3634719642
3766,3376237383
3767,3214561221
3768,2819352825
3769,2539912545
3770,2332328337
3771,2023946028
3772,1805383809
3773,1623747627
3774,1813367817
3775,1976041980
3776,2233526238
3777,2677636683
3778,3100789107
3779,3319351326
3780,3429131436
3781,3068853075
3782,3415159422
3783,3491007498
3784,3302385309
3785,3037915044
3786,3244501251
3787,3494001501
3788,3376237383
3789,3368253375
3790,3133723140
3791,2875240881
3792,2588814594
3793,2257478262
3794,2029934034
3795,1807379811
3796,1579835583
3797,1491013494
3798,1537919541
3799,1713567717
3800,1974045978
3801,2182628187
3802,2581828587
3803,2988014994
3804,3042905049
3805,2751488757
3806,3027935034
3807,2985020991
3808,2918154924
3809,2661668667
3810,2707576713
3811,2886218892
3812,2905180911
3813,2798394804
3814,2744502750
3815,2461070466
3816,2294404299
3817,2029934034
3818,1782429786
3819,1551891555
3820,1208579211
3821,1126743129
3822,1108779111
3823,1208579211
3824,1416163419
3825,1645703649
3826,1806381810
3827,1971051975
3828,2035922040
3829,1800393804
3830,1914165918
3831,1868257872
3832,1910173914
3833,1921151925
3834,2058876063
3835,2197598202
3836,2195602200
3837,2335322340
3838,2362268367
3839,2064864069
3840,1898197902
3841,1626741630
3842,1563867567
3843,1401193404
3844,1214567217
3845,1134727137
3846,1137721140
3847,1247501250
3848,1382231385
3849,1685623689
3850,1796401800
3851,2046900051
3852,2107778112
3853,1980033984
3854,2002988007
3855,2086820091
3856,2118756123
3857,2262468267
3858,2506978512
3859,2593804599
3860,2701588707
3861,2714562720
3862,2822346828
3863,2715560721
3864,2309374314
3865,2108776113
3866,1906181910
3867,1711571715
3868,1581831585
3869,1543907547
3870,1702589706
3871,1977039981
3872,2239514244
3873,2729532735
3874,3481027488
3875,3702583710
3876,3757473765
3877,3415159422
3878,3751485759
3879,3664659672
3880,3525937533
3881,3223543230
3882,3278433285
3883,3511965519
3884,3488013495
3885,3422145429
3886,3218553225
3887,2924142930
3888,2610770616
3889,2384224389
3890,2252488257
3891,1985023989
3892,1523947527
3893,1552889556
3894,1664665668
3895,1951091955
3896,2258476263
3897,2565860571
3898,3075839082
3899,3394201401
3900,3438113445
3901,3097795104
3902,3499989507
3903,3587813595
3904,3373243380
3905,3042905049
3906,3149691156
3907,3366257373
3908,3454081461
3909,3362265369
3910,3247495254
3911,2943104949
3912,2614762620
3913,2242508247
3914,2177638182
3915,1958077962
3916,1631731635
3917,1425145428
3918,1561871565
3919,1733527737
3920,1976041980
3921,2385222390
3922,3050889057
3923,3471047478
3924,3402185409
3925,3245499252
3926,3537913545
3927,3497993505
3928,3214561221
3929,3091807098
3930,3099791106
3931,3254481261
3932,3267455274
3933,3138713145
3934,3033923040
3935,2693604699
3936,2553884559
3937,2237518242
3938,2082828087
3939,1794405798
3940,1549895553
3941,1454087457
3942,1530933534
3943,1797399801
3944,2044904049
3945,2392208397
3946,2897196903
3947,3248493255
3948,3306377313
3949,3020949027
3950,3407175414
3951,3399191406
3952,3126737133
3953,2878234884
3954,3025939032
3955,3179631186
3956,3147695154
3957,3086817093
3958,2899192905
3959,2598794604
3960,2413166418
3961,2045902050
3962,1859275863
3963,1645703649
3964,1389217392
3965,1279437282
3966,1405185408
3967,1575843579
3968,1743507747
3969,2128736133
3970,2617756623
3971,2871248877
3972,2969052975
3973,2613764619
3974,2875240881
3975,3050889057
3976,2761468767
3977,2596798602
3978,2602786608
3979,2807376813
3980,2655680661
3981,2510970516
3982,2474044479
3983,2245502250
3984,2111770116
3985,1703587707
3986,1559875563
3987,1291413294
3988,1110775113
3989,1004987007
3990,950096952
3991,1107781110
3992,1209577212
3993,1494007497
3994,1718557722
3995,1767459771
3996,1721551725
3997,1683627687
3998,1636721640
3999,1632729636
4000,1639715643
4001,1677639681
4002,1657679661
4003,1789415793
4004,1805383809
4005,1733527737
4006,1780433784
4007,1668657672
4008,1534925538
4009,1296403299
4010,1173649176
4011,1072851075
4012,888220890
4013,819358821
4014,797402799
4015,896204898
4016,1055885058
4017,1286423289
4018,1391213394
4019,1510973514
4020,1699595703
4021,1552889556
4022,1528937532
4023,1628737632
4024,1605783609
4025,1724545728
4026,1927139931
4027,2016960021
4028,2005982010
4029,1991011995
4030,2097798102
4031,1951091955
4032,1703587707
4033,1477041480
4034,1366263369
4035,1224547227
4036,1078839081
4037,1056883059
4038,1132731135
4039,1410175413
4040,1664665668
4041,2095802100
4042,2745500751
4043,3067855074
4044,3154681161
4045,2889212895
4046,3204581211
4047,3354281361
4048,3094801101
4049,2903184909
4050,2919152925
4051,3095799102
4052,3235519242
4053,2922146928
4054,2836318842
4055,2408176413
4056,2398196403
4057,2079834084
4058,1916161920
4059,1694605698
4060,1386223389
4061,1260475263
4062,1443109446
4063,1603787607
4064,1798397802
4065,2143706148
4066,2717556723
4067,2955080961
4068,3249491256
4069,2904182910
4070,3193603200
4071,3411167418
4072,2881228887
4073,2776438782
4074,2811368817
4075,2984022990
4076,2851288857
4077,2682626688
4078,2856278862
4079,2441110446
4080,2160672165
4081,1897199901
4082,1670653674
4083,1495005498
4084,1206583209
4085,1215565218
4086,1173649176
4087,1416163419
4088,1682629686
4089,1978037982
4090,2613764619
4091,2918154924
4092,3084821091
4093,2694602700
4094,3164661171
4095,3116757123
4096,2814362820
4097,2643704649
4098,2769452775
4099,2920150926
4100,2836318842
4101,2843304849
4102,2616758622
4103,2348296353
4104,2131730136
4105,1853287857
4106,1641711645
4107,1433129436
4108,1187621190
4109,1098799101
4110,1176643179
4111,1407181410
4112,1603787607
4113,1915163919
4114,2487018492
4115,2790410796
4116,2758474764
4117,2628734634
4118,2925140931
4119,3055879062
4120,2710570716
4121,2513964519
4122,2511968517
4123,2561868567
4124,2670650676
4125,2493006498
4126,2300392305
4127,1979035983
4128,1824345828
4129,1612769616
4130,1377241380
4131,1246503249
4132,1064867067
4133,960076962
4134,1035925038
4135,1178639181
4136,1454087457
4137,1674645678
4138,2038916043
4139,2358276363
4140,2551888557
4141,2205582210
4142,2524942530
4143,2504982510
4144,2256480261
4145,2121750126
4146,2155682160
4147,2072848077
4148,2142708147
4149,1935123939
4150,1857279861
4151,1761471765
4152,1525943529
4153,1361273364
4154,1072851075
4155,999997002
4156,827342829
4157,690616692
4158,717562719
4159,806384808
4160,894208896
4161,1251493254
4162,1597799601
4163,1795403799
4164,1731531735
4165,1534925538
4166,1594805598
4167,1584825588
4168,1588817592
4169,1642709646
4170,1789415793
4171,1940113944
4172,2062868067
4173,1850293854
4174,1879235883
4175,1779435783
4176,1528937532
4177,1290415293
4178,981034983
4179,850296852
4180,786424788
4181,674648676
4182,739518741
4183,957082959
4184,1060875063
4185,1327341330
4186,1505983509
4187,1676641680
4188,1758477762
4189,1658677662
4190,1633727637
4191,1613767617
4192,1695603699
4193,1706581710
4194,1899195903
4195,1917159921
4196,1976041980
4197,1866261870
4198,1901191905
4199,1843307847
4200,1508977512
4201,1316363319
4202,1052891055
4203,968060970
4204,859278861
4205,863270865
4206,955086957
4207,1127741130
4208,1424147427
4209,1640713644
4210,2314364319
4211,2599792605
4212,2765460771
4213,2506978512
4214,2722546728
4215,2866258872
4216,2646698652
4217,2647696653
4218,2692606698
4219,2814362820
4220,2497996503
4221,2582826588
4222,2338316343
4223,2111770116
4224,1879235883
4225,1507979511
4226,1323349326
4227,1164667167
4228,1047901050
4229,975046977
4230,1028939031
4231,1288419291
4232,1451093454
4233,1744505748
4234,2134724139
4235,2551888557
4236,2643704649
4237,2334324339
4238,2380232385
4239,2470052475
4240,2234524239
4241,1993007997
4242,1972049976
4243,1956081960
4244,1897199901
4245,1832329836
4246,1750493754
4247,1522949526
4248,1277441280
4249,1062871065
4250,851294853
4251,780436782
4252,683630685
4253,629738631
4254,696604698
4255,782432784
4256,940116942
4257,1103789106
4258,1259477262
4259,1371253374
4260,1528937532
4261,1449097452
4262,1559875563
4263,1454087457
4264,1497001500
4265,1446103449
4266,1604785608
4267,1610773614
4268,1576841580
4269,1576841580
4270,1526941530
4271,1606781610
4272,1464067467
4273,1168659171
4274,979038981
4275,814368816
4276,816364818
4277,723550725
4278,842312844
4279,961074963
4280,1213569216
4281,1571851575
4282,1836321840
4283,2280432285
4284,2311370316
4285,2176640181
4286,2350292355
4287,2423146428
4288,2211570216
4289,2113766118
4290,2097798102
4291,2126740131
4292,1986021990
4293,2004984009
4294,1914165918
4295,1662669666
4296,1511971515
4297,1261473264
4298,1054887057
4299,950096952
4300,810376812
4301,735526737
4302,849298851
4303,1000995003
4304,1274447277
4305,1411173414
4306,2032928037
4307,2223546228
4308,2385222390
4309,2130732135
4310,2286420291
4311,2293406298
4312,1973047977
4313,1945103949
4314,1844305848
4315,1932129936
4316,1881231885
4317,1894205898
4318,1719555723
4319,1678637682
4320,1498997502
4321,1180635183
4322,999997002
4323,904188906
4324,811374813
4325,692612694
4326,687622689
4327,789418791
4328,920156922
4329,1208579211
4330,1499995503
4331,1619755623
4332,1719555723
4333,1552889556
4334,1581831585
4335,1556881560
4336,1497999501
4337,1567859571
4338,1669655673
4339,1705583709
4340,1703587707
4341,1772449776
4342,1716561720
4343,1624745628
4344,1512969516
4345,1173649176
4346,1012971015
4347,995006997
4348,810376812
4349,730536732
4350,769458771
4351,822352824
4352,906184908
4353,1055885058
4354,1246503249
4355,1353289356
4356,1459077462
4357,1383229386
4358,1401193404
4359,1346303349
4360,1406183409
4361,1528937532
4362,1693607697
4363,1736521740
4364,1668657672
4365,1763467767
4366,1770453774
4367,1598797602
4368,1482031485
4369,1193609196
4370,1060875063
4371,955086957
4372,832332834
4373,805386807
4374,924148926
4375,1114767117
4376,1300395303
4377,1576841580
4378,1950093954
4379,2371250376
4380,2509972515
4381,2300392305
4382,2854282860
4383,3369251376
4384,3306377313
4385,3283423290
4386,4018950027
4387,4956072966
4388,5147689158
4389,5454075465
4390,5536909548
4391,4848288858
4392,4321344330
4393,3488013495
4394,3030929037
4395,2739512745
4396,2383226388
4397,2394204399
4398,2270452275
4399,2415162420
4400,2688614694
4401,3185619192
4402,3865257873
4403,3984019992
4404,4099788108
4405,3675637683
4406,4138710147
4407,4125736134
4408,3922143930
4409,3648691656
4410,3639709647
4411,3803381811
4412,3604779612
4413,3360269367
4414,3205579212
4415,2902186908
4416,2459074464
4417,2348296353
4418,1943107947
4419,1723547727
4420,1505983509
4421,1401193404
4422,1397201400
4423,1418159421
4424,1656681660
4425,1706581710
4426,1761471765
4427,1713567717
4428,1771451775
4429,1695603699
4430,1644705648
4431,1631731635
4432,1678637682
4433,1756481760
4434,1793407797
4435,1832329836
4436,1810373814
4437,1796401800
4438,1827339831
4439,1712569716
4440,1545903549
4441,1191613194
4442,1059877062
4443,966064968
4444,903190905
4445,880236882
4446,939118941
4447,1200595203
4448,1376243379
4449,1757479761
4450,2378236383
4451,2768454774
4452,2731528737
4453,2555880561
4454,2821348827
4455,2992006998
4456,2726538732
4457,2505980511
4458,2474044479
4459,2723544729
4460,2700590706
4461,2708574714
4462,2556878562
4463,2278436283
4464,2023946028
4465,1799395803
4466,1534925538
4467,1333329336
4468,1131733134
4469,1005985008
4470,1107781110
4471,1326343329
4472,1468059471
4473,1791411795
4474,2258476263
4475,2531928537
4476,2688614694
4477,2310372315
4478,2944102950
4479,2804382810
4480,2429134434
4481,2341310346
4482,2259474264
4483,2405182410
4484,2395202400
4485,2316360321
4486,2230532235
4487,2001990006
4488,1858277862
4489,1535923539
4490,1362271365
4491,1181633184
4492,976044978
4493,813370815
4494,788420790
4495,935126937
4496,1004987007
4497,1229537232
4498,1522949526
4499,1605783609
4500,1652689656
4501,1614765618
4502,1674645678
4503,1625743629
4504,1525943529
4505,1571851575
4506,1558877562
4507,1786421790
4508,1747499751
4509,1736521740
4510,1664665668
4511,1625743629
4512,1474047477
4513,1142711145
4514,1063869066
4515,914168916
4516,746504748
4517,748500750
4518,711574713
4519,811374813
4520,944108946
4521,1111773114
4522,1302391305
4523,1430135433
4524,1534925538
4525,1427141430
4526,1379237382
4527,1480035483
4528,1557879561
4529,1545903549
4530,1721551725
4531,1864265868
4532,1861271865
4533,1813367817
4534,1860273864
4535,1724545728
4536,1478039481
4537,1286423289
4538,1086823089
4539,946104948
4540,888220890
4541,920156922
4542,1011973014
4543,1170655173
4544,1446103449
4545,1893207897
4546,2525940531
4547,2807376813
4548,2934122940
4549,2556878562
4550,3007975014
4551,3185619192
4552,2850290856
4553,2755480761
4554,2751488757
4555,2777436783
4556,2748494754
4557,2825340831
4558,2556878562
4559,2338316343
4560,2038916043
4561,1855283859
4562,1657679661
4563,1458079461
4564,1135725138
4565,1077841080
4566,1137721140
4567,1408179411
4568,1597799601
4569,1909175913
4570,2532926538
4571,2909172915
4572,3126737133
4573,2808374814
4574,3160669167
4575,3199591206
4576,2952086958
4577,2910170916
4578,2900190906
4579,3064861071
4580,3143703150
4581,3093803100
4582,2889212895
4583,2689612695
4584,2524942530
4585,2086820091
4586,1842309846
4587,1620753624
4588,1335325338
4589,1186623189
4590,1196603199
4591,1361273364
4592,1557879561
4593,2001990006
4594,2383226388
4595,3031927038
4596,3063863070
4597,2739512745
4598,3131727138
4599,3178633185
4600,2970050976
4601,2753484759
4602,2812366818
4603,3049891056
4604,2925140931
4605,3028933035
4606,2892206898
4607,2553884559
4608,2359274364
4609,1888217892
4610,1710573714
4611,1595803599
4612,1268459271
4613,1060875063
4614,1225545228
4615,1398199401
4616,1647699651
4617,2011970016
4618,2445102450
4619,2917156923
4620,3089811096
4621,2697596703
4622,3039911046
4623,3246497253
4624,2858274864
4625,2737516743
4626,2667656673
4627,2944102950
4628,2912166918
4629,2844302850
4630,2688614694
4631,2401190406
4632,2177638182
4633,1876241880
4634,1628737632
4635,1442111445
4636,1240515243
4637,1162671165
4638,1310375313
4639,1523947527
4640,1746501750
4641,2118756123
4642,2516958522
4643,2869252875
4644,2900190906
4645,2558874564
4646,2999991006
4647,3017955024
4648,2779432785
4649,2500990506
4650,2482028487
4651,2694602700
4652,2596798602
4653,2562866568
4654,2495002500
4655,2233526238
4656,2057878062
4657,1717559721
4658,1484027487
4659,1270455273
4660,1068859071
4661,981034983
4662,858280860
4663,951094953
4664,1122751125
4665,1417161420
4666,1608777612
4667,1757479761
4668,1701591705
4669,1539915543
4670,1620753624
4671,1702589706
4672,1557879561
4673,1630733634
4674,1626741630
4675,1841311845
4676,1812369816
4677,1842309846
4678,1797399801
4679,1713567717
4680,1476043479
4681,1252491255
4682,1080835083
4683,1020955023
4684,887222889
4685,783430785
4686,811374813
4687,886224888
4688,1034927037
4689,1215565218
4690,1357281360
4691,1549895553
4692,1574845578
4693,1444107447
4694,1572849576
4695,1644705648
4696,1626741630
4697,1693607697
4698,1816361820
4699,1955083959
4700,2037918042
4701,2143706148
4702,2097798102
4703,2031930036
4704,1746501750
4705,1417161420
4706,1249497252
4707,1126743129
4708,982032984
4709,1004987007
4710,1096803099
4711,1348299351
4712,1499995503
4713,1830333834
4714,2362268367
4715,2692606698
4716,2907176913
4717,2668654674
4718,3016957023
4719,3104781111
4720,2951088957
4721,2827336833
4722,2855280861
4723,2961068967
4724,2938114944
4725,2888214894
4726,2803384809
4727,2464064469
4728,2228536233
4729,1957079961
4730,1772449776
4731,1515963519
4732,1256483259
4733,1173649176
4734,1204587207
4735,1324347327
4736,1537919541
4737,1772449776
4738,2042908047
4739,2506978512
4740,2442108447
4741,2275442280
4742,2559872565
4743,2448096453
4744,2285422290
4745,2224544229
4746,2231530236
4747,2371250376
4748,2341310346
4749,2416160421
4750,2273446278
4751,1973047977
4752,1908177912
4753,1643707647
4754,1500993504
4755,1317361320
4756,1111773114
4757,842312844
4758,945106947
4759,1102791105
4760,1371253374
4761,1481033484
4762,1680633684
4763,1921151925
4764,2007978012
4765,2014964019
4766,2172648177
4767,2216560221
4768,2073846078
4769,2099794104
4770,2187618192
4771,2382228387
4772,2359274364
4773,2505980511
4774,2267458272
4775,2054884059
4776,1968057972
4777,1667659671
4778,1570853574
4779,1401193404
4780,1155685158
4781,976044978
4782,1038919041
4783,1235525238
4784,1413169416
4785,1752489756
4786,2055882060
4787,2363266368
4788,2406180411
4789,2144704149
4790,2494004499
4791,2499992505
4792,2351290356
4793,2141710146
4794,2275442280
4795,2339314344
4796,2430132435
4797,2294404299
4798,2231530236
4799,2010972015
4800,1839315843
4801,1636721640
4802,1433129436
4803,1316363319
4804,1040915043
4805,899198901
4806,948100950
4807,1147701150
4808,1253489256
4809,1479037482
4810,1825343829
4811,2111770116
4812,2152688157
4813,1896201900
4814,2160672165
4815,2499992505
4816,2086820091
4817,1920153924
4818,1862269866
4819,2126740131
4820,2076840081
4821,1928137932
4822,1852289856
4823,1710573714
4824,1562869566
4825,1330335333
4826,1189617192
4827,1041913044
4828,858280860
4829,688620690
4830,669658671
4831,686624688
4832,746504748
4833,1023949026
4834,1158679161
4835,1244507247
4836,1285425288
4837,1164667167
4838,1186623189
4839,1221553224
4840,1246503249
4841,1236523239
4842,1312371315
4843,1416163419
4844,1379237382
4845,1322351325
4846,1367261370
4847,1354287357
4848,1199597202
4849,977042979
4850,867262869
4851,761474763
4852,688620690
4853,625746627
4854,610776612
4855,721554723
4856,777442779
4857,933130935
4858,1015965018
4859,1175645178
4860,1277441280
4861,1194607197
4862,1178639181
4863,1194607197
4864,1224547227
4865,1235525238
4866,1390215393
4867,1543907547
4868,1490015493
4869,1581831585
4870,1644705648
4871,1459077462
4872,1408179411
4873,1120755123
4874,1023949026
4875,962072964
4876,861274863
4877,827342829
4878,922152924
4879,1101793104
4880,1256483259
4881,1592809596
4882,2255482260
4883,2752486758
4884,2772446778
4885,2514962520
4886,2929132935
4887,2889212895
4888,2659672665
4889,2534922540
4890,2569852575
4891,2555880561
4892,2454084459
4893,2405182410
4894,2356280361
4895,1987019991
